<annotation>
	<folder>resized_gun</folder>
	<filename>g233.jpg</filename>
	<path>/home/dharani/Desktop/resized_gun/g233.jpg</path>
	<source>
		<database>Unknown</database>
	</source>
	<size>
		<width>200</width>
		<height>200</height>
		<depth>3</depth>
	</size>
	<segmented>0</segmented>
	<object>
		<name>gun</name>
		<pose>Unspecified</pose>
		<truncated>0</truncated>
		<difficult>0</difficult>
		<bndbox>
			<xmin>4</xmin>
			<ymin>7</ymin>
			<xmax>194</xmax>
			<ymax>189</ymax>
		</bndbox>
	</object>
</annotation>
