<annotation>
	<folder>resized_gun</folder>
	<filename>g270.jpg</filename>
	<path>/home/dharani/Desktop/resized_gun/g270.jpg</path>
	<source>
		<database>Unknown</database>
	</source>
	<size>
		<width>200</width>
		<height>200</height>
		<depth>3</depth>
	</size>
	<segmented>0</segmented>
	<object>
		<name>gun</name>
		<pose>Unspecified</pose>
		<truncated>1</truncated>
		<difficult>0</difficult>
		<bndbox>
			<xmin>1</xmin>
			<ymin>39</ymin>
			<xmax>198</xmax>
			<ymax>158</ymax>
		</bndbox>
	</object>
</annotation>
