<annotation>
	<folder>resized_gun</folder>
	<filename>g280.jpg</filename>
	<path>/home/dharani/Desktop/resized_gun/g280.jpg</path>
	<source>
		<database>Unknown</database>
	</source>
	<size>
		<width>200</width>
		<height>200</height>
		<depth>3</depth>
	</size>
	<segmented>0</segmented>
	<object>
		<name>gun</name>
		<pose>Unspecified</pose>
		<truncated>0</truncated>
		<difficult>0</difficult>
		<bndbox>
			<xmin>10</xmin>
			<ymin>14</ymin>
			<xmax>199</xmax>
			<ymax>151</ymax>
		</bndbox>
	</object>
</annotation>
