filename,width,height,class,xmin,ymin,xmax,ymax
g0.jpg,200,200,gun,3,3,195,200
g1.jpg,200,200,gun,2,4,200,190
g10.jpg,200,200,gun,4,1,198,199
g100.jpg,200,200,gun,7,3,195,188
g101.jpg,200,200,gun,3,2,200,195
g102.jpg,200,200,gun,5,12,200,191
g103.jpg,200,200,gun,3,1,200,194
g104.jpg,200,200,gun,2,4,200,198
g105.jpg,200,200,gun,1,12,199,200
g106.jpg,200,200,gun,2,2,200,194
g107.jpg,200,200,gun,2,5,194,197
g108.jpg,200,200,gun,3,5,197,196
g109.jpg,200,200,gun,1,10,200,197
g11.jpg,200,200,gun,1,2,200,174
g110.jpg,200,200,gun,3,15,200,192
g111.jpg,200,200,gun,6,12,200,150
g112.jpg,200,200,gun,3,7,200,168
g113.jpg,200,200,gun,2,17,200,165
g114.jpg,200,200,gun,8,6,200,192
g115.jpg,200,200,gun,2,5,197,194
g116.jpg,200,200,gun,5,9,200,196
g117.jpg,200,200,gun,6,11,200,185
g118.jpg,200,200,gun,2,12,196,188
g119.jpg,200,200,gun,4,6,199,194
g12.jpg,200,200,gun,5,13,200,190
g120.jpg,200,200,gun,6,1,196,192
g121.jpg,200,200,gun,10,26,189,186
g122.jpg,200,200,gun,8,7,197,194
g123.jpg,200,200,gun,1,6,192,198
g124.jpg,200,200,gun,7,10,197,200
g125.jpg,200,200,gun,4,10,200,193
g126.jpg,200,200,gun,5,8,195,199
g127.jpg,200,200,gun,9,17,188,195
g128.jpg,200,200,gun,5,35,194,167
g129.jpg,200,200,gun,2,49,199,177
g13.jpg,200,200,gun,3,3,200,195
g130.jpg,200,200,gun,6,16,200,192
g131.jpg,200,200,gun,3,7,200,191
g132.jpg,200,200,gun,3,5,200,190
g133.jpg,200,200,gun,3,13,195,196
g134.jpg,200,200,gun,2,10,199,191
g135.jpg,200,200,gun,2,7,190,200
g136.jpg,200,200,gun,8,12,191,189
g137.jpg,200,200,gun,6,10,197,193
g138.jpg,200,200,gun,9,17,194,185
g139.jpg,200,200,gun,6,28,198,187
g14.jpg,200,200,gun,6,7,193,195
g140.jpg,200,200,gun,1,13,200,197
g141.jpg,200,200,gun,1,15,199,190
g142.jpg,200,200,gun,3,17,200,197
g143.jpg,200,200,gun,1,19,200,177
g144.jpg,200,200,gun,5,29,199,200
g145.jpg,200,200,gun,3,13,195,195
g146.jpg,200,200,gun,2,11,200,196
g147.jpg,200,200,gun,4,12,198,187
g148.jpg,200,200,gun,2,16,196,194
g149.jpg,200,200,gun,15,19,178,180
g15.jpg,200,200,gun,4,21,196,200
g150.jpg,200,200,gun,3,12,198,194
g151.jpg,200,200,gun,4,15,196,179
g152.jpg,200,200,gun,4,12,197,175
g153.jpg,200,200,gun,1,9,195,197
g154.jpg,200,200,gun,5,42,199,192
g155.jpg,200,200,gun,4,12,200,183
g156.jpg,200,200,gun,1,7,196,194
g157.jpg,200,200,gun,4,23,200,178
g158.jpg,200,200,gun,4,14,200,179
g159.jpg,200,200,gun,3,9,197,193
g16.jpg,200,200,gun,2,6,200,187
g160.jpg,200,200,gun,9,24,197,180
g161.jpg,200,200,gun,1,8,197,194
g162.jpg,200,200,gun,6,18,199,195
g163.jpg,200,200,gun,4,11,200,188
g164.jpg,200,200,gun,10,12,200,194
g165.jpg,200,200,gun,3,6,200,194
g166.jpg,200,200,gun,6,4,200,198
g167.jpg,200,200,gun,1,12,200,195
g168.jpg,200,200,gun,4,23,194,188
g169.jpg,200,200,gun,2,6,200,171
g17.jpg,200,200,gun,6,8,200,197
g170.jpg,200,200,gun,2,28,196,185
g171.jpg,200,200,gun,3,31,200,179
g172.jpg,200,200,gun,7,15,197,186
g173.jpg,200,200,gun,4,49,199,195
g174.jpg,200,200,gun,10,13,199,191
g175.jpg,200,200,gun,9,31,191,186
g176.jpg,200,200,gun,1,43,200,189
g177.jpg,200,200,gun,1,22,200,197
g178.jpg,200,200,gun,4,6,200,188
g179.jpg,200,200,gun,1,6,200,190
g18.jpg,200,200,gun,2,7,200,184
g180.jpg,200,200,gun,6,42,196,184
g181.jpg,200,200,gun,2,17,200,183
g182.jpg,200,200,gun,6,26,193,188
g183.jpg,200,200,gun,5,8,200,193
g184.jpg,200,200,gun,6,20,200,182
g185.jpg,200,200,gun,1,14,198,187
g186.jpg,200,200,gun,2,16,194,197
g187.jpg,200,200,gun,1,12,200,185
g188.jpg,200,200,gun,4,6,200,199
g189.jpg,200,200,gun,3,9,200,194
g19.jpg,200,200,gun,1,8,199,197
g190.jpg,200,200,gun,1,5,200,195
g191.jpg,200,200,gun,3,4,192,200
g192.jpg,200,200,gun,1,4,197,191
g193.jpg,200,200,gun,4,11,200,199
g194.jpg,200,200,gun,3,5,200,198
g195.jpg,200,200,gun,2,5,199,186
g196.jpg,200,200,gun,2,3,200,190
g197.jpg,200,200,gun,1,6,200,195
g198.jpg,200,200,gun,2,7,197,200
g199.jpg,200,200,gun,3,3,194,195
g2.jpg,200,200,gun,3,5,199,196
g20.jpg,200,200,gun,5,15,198,197
g200.jpg,200,200,gun,1,12,198,200
g201.jpg,200,200,gun,7,32,185,174
g202.jpg,200,200,gun,4,8,200,190
g203.jpg,200,200,gun,3,5,193,182
g204.jpg,200,200,gun,1,13,195,184
g205.jpg,200,200,gun,4,3,200,182
g206.jpg,200,200,gun,2,8,200,176
g207.jpg,200,200,gun,6,6,199,177
g208.jpg,200,200,gun,4,32,200,188
g209.jpg,200,200,gun,5,14,200,174
g21.jpg,200,200,gun,3,9,200,178
g210.jpg,200,200,gun,1,9,200,159
g211.jpg,200,200,gun,10,16,199,164
g212.jpg,200,200,gun,4,7,197,157
g213.jpg,200,200,gun,3,11,194,175
g214.jpg,200,200,gun,5,11,200,161
g215.jpg,200,200,gun,1,13,194,192
g216.jpg,200,200,gun,3,5,200,183
g217.jpg,200,200,gun,3,22,196,179
g218.jpg,200,200,gun,1,6,200,178
g219.jpg,200,200,gun,4,4,200,163
g22.jpg,200,200,gun,1,9,200,171
g220.jpg,200,200,gun,2,2,195,171
g221.jpg,200,200,gun,2,9,196,181
g222.jpg,200,200,gun,3,8,200,174
g223.jpg,200,200,gun,1,10,200,180
g224.jpg,200,200,gun,1,7,200,166
g225.jpg,200,200,gun,1,46,199,199
g226.jpg,200,200,gun,3,12,199,174
g227.jpg,200,200,gun,4,4,200,181
g228.jpg,200,200,gun,2,16,200,174
g229.jpg,200,200,gun,2,61,200,173
g23.jpg,200,200,gun,7,17,186,182
g230.jpg,200,200,gun,2,3,200,195
g231.jpg,200,200,gun,2,5,200,195
g232.jpg,200,200,gun,1,7,197,192
g233.jpg,200,200,gun,4,7,194,189
g234.jpg,200,200,gun,4,2,200,195
g235.jpg,200,200,gun,5,9,194,196
g236.jpg,200,200,gun,7,20,192,188
g237.jpg,200,200,gun,1,8,198,197
g238.jpg,200,200,gun,1,41,200,172
g239.jpg,200,200,gun,14,18,200,171
g24.jpg,200,200,gun,1,9,197,189
g240.jpg,200,200,gun,6,13,199,187
g241.jpg,200,200,gun,4,11,200,189
g242.jpg,200,200,gun,9,22,200,181
g243.jpg,200,200,gun,2,11,199,197
g244.jpg,200,200,gun,1,12,200,194
g245.jpg,200,200,gun,9,11,197,190
g246.jpg,200,200,gun,2,6,196,190
g247.jpg,200,200,gun,3,17,198,197
g248.jpg,200,200,gun,4,5,200,198
g249.jpg,200,200,gun,3,15,200,178
g25.jpg,200,200,gun,3,7,200,193
g250.jpg,200,200,gun,2,5,200,184
g251.jpg,200,200,gun,3,25,197,177
g252.jpg,200,200,gun,1,26,200,159
g253.jpg,200,200,gun,1,49,200,156
g254.jpg,200,200,gun,2,5,200,126
g255.jpg,200,200,gun,11,18,197,186
g256.jpg,200,200,gun,1,27,200,144
g257.jpg,200,200,gun,6,25,197,147
g258.jpg,200,200,gun,1,34,200,141
g259.jpg,200,200,gun,1,3,199,200
g26.jpg,200,200,gun,1,8,199,188
g260.jpg,200,200,gun,1,8,200,196
g261.jpg,200,200,gun,3,7,200,174
g262.jpg,200,200,gun,5,28,198,175
g263.jpg,200,200,gun,2,6,194,195
g264.jpg,200,200,gun,3,24,200,169
g265.jpg,200,200,gun,1,13,200,158
g266.jpg,200,200,gun,1,51,200,156
g267.jpg,200,200,gun,1,43,197,141
g268.jpg,200,200,gun,1,30,200,131
g269.jpg,200,200,gun,1,31,200,118
g27.jpg,200,200,gun,1,6,197,189
g270.jpg,200,200,gun,1,39,198,158
g271.jpg,200,200,gun,1,8,198,187
g272.jpg,200,200,gun,1,19,200,155
g273.jpg,200,200,gun,3,4,200,183
g274.jpg,200,200,gun,1,23,199,172
g275.jpg,200,200,gun,2,4,200,199
g276.jpg,200,200,gun,1,11,200,171
g277.jpg,200,200,gun,6,29,193,184
g278.jpg,200,200,gun,1,16,200,170
g279.jpg,200,200,gun,1,4,199,186
g28.jpg,200,200,gun,8,14,190,194
g280.jpg,200,200,gun,10,14,199,151
g281.jpg,200,200,gun,1,30,200,149
g282.jpg,200,200,gun,1,10,200,197
g283.jpg,200,200,gun,1,19,197,182
g284.jpg,200,200,gun,5,48,197,139
g285.jpg,200,200,gun,1,51,200,178
g286.jpg,200,200,gun,1,12,200,188
g287.jpg,200,200,gun,2,21,199,134
g288.jpg,200,200,gun,1,13,200,156
g289.jpg,200,200,gun,1,27,197,153
g29.jpg,200,200,gun,3,5,198,198
g290.jpg,200,200,gun,9,7,193,190
g291.jpg,200,200,gun,1,20,199,184
g292.jpg,200,200,gun,1,16,200,168
g293.jpg,200,200,gun,1,23,199,184
g294.jpg,200,200,gun,1,4,196,192
g295.jpg,200,200,gun,1,42,196,155
g296.jpg,200,200,gun,3,11,196,190
g297.jpg,200,200,gun,4,20,200,182
g298.jpg,200,200,gun,3,29,200,172
g299.jpg,200,200,gun,4,23,200,170
g3.jpg,200,200,gun,3,9,198,191
g30.jpg,200,200,gun,6,8,199,191
g300.jpg,200,200,gun,2,33,200,188
g301.jpg,200,200,gun,2,34,199,167
g302.jpg,200,200,gun,1,48,199,169
g303.jpg,200,200,gun,1,28,200,141
g304.jpg,200,200,gun,5,18,200,137
g305.jpg,200,200,gun,2,3,200,147
g306.jpg,200,200,gun,1,6,200,143
g307.jpg,200,200,gun,3,33,200,146
g308.jpg,200,200,gun,2,28,199,143
g309.jpg,200,200,gun,1,34,200,153
g31.jpg,200,200,gun,4,10,196,190
g310.jpg,200,200,gun,8,44,190,146
g311.jpg,200,200,gun,4,14,200,170
g312.jpg,200,200,gun,3,22,197,146
g313.jpg,200,200,gun,1,40,191,132
g314.jpg,200,200,gun,6,27,198,146
g315.jpg,200,200,gun,3,51,194,178
g316.jpg,200,200,gun,3,48,200,129
g317.jpg,200,200,gun,3,26,195,173
g318.jpg,200,200,gun,8,41,185,149
g319.jpg,200,200,gun,2,58,199,185
g32.jpg,200,200,gun,5,11,193,183
g320.jpg,200,200,gun,5,7,194,159
g321.jpg,200,200,gun,3,18,196,150
g322.jpg,200,200,gun,6,33,190,149
g323.jpg,200,200,gun,4,38,199,160
g324.jpg,200,200,gun,2,20,199,143
g325.jpg,200,200,gun,1,62,199,167
g326.jpg,200,200,gun,2,45,200,161
g327.jpg,200,200,gun,1,6,200,140
g328.jpg,200,200,gun,2,18,199,177
g329.jpg,200,200,gun,1,26,200,162
g33.jpg,200,200,gun,6,4,199,183
g330.jpg,200,200,gun,1,32,200,151
g331.jpg,200,200,gun,1,25,200,130
g332.jpg,200,200,gun,3,47,200,180
g333.jpg,200,200,gun,3,25,197,146
g334.jpg,200,200,gun,2,23,199,176
g335.jpg,200,200,gun,3,16,200,164
g336.jpg,200,200,gun,3,20,199,146
g337.jpg,200,200,gun,5,25,198,131
g338.jpg,200,200,gun,2,41,200,170
g339.jpg,200,200,gun,4,15,194,178
g34.jpg,200,200,gun,4,5,195,194
g340.jpg,200,200,gun,7,50,197,159
g341.jpg,200,200,gun,2,14,196,189
g342.jpg,200,200,gun,4,26,193,152
g343.jpg,200,200,gun,3,18,192,161
g344.jpg,200,200,gun,4,44,196,170
g345.jpg,200,200,gun,1,24,199,180
g346.jpg,200,200,gun,1,42,198,168
g347.jpg,200,200,gun,4,19,194,175
g348.jpg,200,200,gun,1,12,197,185
g349.jpg,200,200,gun,1,28,200,158
g35.jpg,200,200,gun,1,23,193,175
g350.jpg,200,200,gun,2,5,197,197
g351.jpg,200,200,gun,2,7,195,182
g352.jpg,200,200,gun,6,49,200,157
g353.jpg,200,200,gun,3,52,199,186
g354.jpg,200,200,gun,5,11,194,131
g355.jpg,200,200,gun,5,64,195,161
g356.jpg,200,200,gun,1,48,191,191
g357.jpg,200,200,gun,5,17,196,179
g358.jpg,200,200,gun,1,15,197,172
g359.jpg,200,200,gun,2,44,195,149
g36.jpg,200,200,gun,3,13,200,125
g360.jpg,200,200,gun,10,74,199,168
g361.jpg,200,200,gun,1,15,194,132
g362.jpg,200,200,gun,8,27,200,138
g363.jpg,200,200,gun,1,28,197,152
g364.jpg,200,200,gun,2,32,200,137
g365.jpg,200,200,gun,2,28,200,145
g366.jpg,200,200,gun,2,22,191,146
g367.jpg,200,200,gun,2,9,192,152
g368.jpg,200,200,gun,1,13,197,128
g369.jpg,200,200,gun,4,5,199,126
g37.jpg,200,200,gun,5,4,198,153
g370.jpg,200,200,gun,1,12,198,149
g371.jpg,200,200,gun,1,27,197,187
g372.jpg,200,200,gun,1,12,199,167
g373.jpg,200,200,gun,1,23,198,181
g374.jpg,200,200,gun,1,13,197,186
g375.jpg,200,200,gun,1,12,194,173
g376.jpg,200,200,gun,1,16,200,132
g377.jpg,200,200,gun,1,31,200,191
g378.jpg,200,200,gun,1,42,200,183
g379.jpg,200,200,gun,2,15,199,186
g38.jpg,200,200,gun,9,16,190,191
g380.jpg,200,200,gun,1,22,200,183
g381.jpg,200,200,gun,2,24,197,185
g382.jpg,200,200,gun,1,50,196,189
g383.jpg,200,200,gun,6,31,197,169
g384.jpg,200,200,gun,2,29,194,176
g385.jpg,200,200,gun,4,42,199,171
g386.jpg,200,200,gun,1,10,198,193
g387.jpg,200,200,gun,3,7,199,131
g388.jpg,200,200,gun,1,12,195,158
g389.jpg,200,200,gun,2,5,196,161
g39.jpg,200,200,gun,3,1,200,198
g390.jpg,200,200,gun,17,4,198,156
g391.jpg,200,200,gun,2,10,197,147
g392.jpg,200,200,gun,1,25,196,161
g393.jpg,200,200,gun,6,24,192,161
g394.jpg,200,200,gun,1,25,200,141
g395.jpg,200,200,gun,6,16,193,142
g396.jpg,200,200,gun,2,32,196,142
g397.jpg,200,200,gun,3,17,200,101
g398.jpg,200,200,gun,1,12,199,170
g399.jpg,200,200,gun,3,10,200,148
g4.jpg,200,200,gun,8,5,182,198
g40.jpg,200,200,gun,5,16,190,186
g400.jpg,200,200,gun,6,16,193,155
g401.jpg,200,200,gun,3,12,199,183
g402.jpg,200,200,gun,6,26,196,193
g403.jpg,200,200,gun,4,23,197,181
g404.jpg,200,200,gun,3,12,198,184
g405.jpg,200,200,gun,2,13,199,192
g406.jpg,200,200,gun,3,10,196,193
g407.jpg,200,200,gun,3,16,194,185
g408.jpg,200,200,gun,1,5,200,198
g409.jpg,200,200,gun,1,10,197,197
g41.jpg,200,200,gun,5,7,194,197
g410.jpg,200,200,gun,3,15,200,193
g411.jpg,200,200,gun,3,18,199,194
g412.jpg,200,200,gun,3,7,200,184
g413.jpg,200,200,gun,1,18,200,179
g414.jpg,200,200,gun,9,43,198,167
g415.jpg,200,200,gun,6,27,200,186
g416.jpg,200,200,gun,3,24,200,154
g417.jpg,200,200,gun,1,10,197,188
g418.jpg,200,200,gun,3,10,200,158
g419.jpg,200,200,gun,3,18,200,139
g42.jpg,200,200,gun,3,8,196,200
g420.jpg,200,200,gun,2,27,200,138
g421.jpg,200,200,gun,2,28,200,147
g422.jpg,200,200,gun,3,55,197,154
g423.jpg,200,200,gun,1,25,193,182
g424.jpg,200,200,gun,1,56,199,158
g425.jpg,200,200,gun,2,7,199,154
g426.jpg,200,200,gun,2,57,197,170
g427.jpg,200,200,gun,1,25,200,170
g428.jpg,200,200,gun,2,6,200,164
g429.jpg,200,200,gun,4,19,199,136
g43.jpg,200,200,gun,5,3,195,200
g430.jpg,200,200,gun,1,11,199,127
g431.jpg,200,200,gun,2,9,199,178
g432.jpg,200,200,gun,4,16,195,183
g433.jpg,200,200,gun,1,15,198,190
g434.jpg,200,200,gun,1,20,197,183
g435.jpg,200,200,gun,3,8,200,141
g436.jpg,200,200,gun,1,25,200,142
g437.jpg,200,200,gun,1,8,200,166
g438.jpg,200,200,gun,4,25,197,176
g439.jpg,200,200,gun,3,27,197,164
g44.jpg,200,200,gun,2,14,200,192
g440.jpg,200,200,gun,1,23,200,183
g441.jpg,200,200,gun,2,11,200,153
g442.jpg,200,200,gun,4,16,200,134
g443.jpg,200,200,gun,1,15,193,148
g444.jpg,200,200,gun,1,21,200,142
g445.jpg,200,200,gun,2,39,200,149
g446.jpg,200,200,gun,3,8,200,140
g447.jpg,200,200,gun,1,43,179,149
g448.jpg,200,200,gun,1,10,200,185
g449.jpg,200,200,gun,1,33,198,135
g45.jpg,200,200,gun,4,8,191,190
g450.jpg,200,200,gun,1,36,200,96
g451.jpg,200,200,gun,6,64,198,175
g452.jpg,200,200,gun,5,28,200,121
g453.jpg,200,200,gun,3,16,200,130
g454.jpg,200,200,gun,1,36,199,152
g455.jpg,200,200,gun,3,8,200,148
g456.jpg,200,200,gun,1,20,194,163
g457.jpg,200,200,gun,2,26,197,149
g458.jpg,200,200,gun,1,18,200,145
g459.jpg,200,200,gun,1,29,198,164
g46.jpg,200,200,gun,2,3,195,195
g460.jpg,200,200,gun,4,23,191,180
g461.jpg,200,200,gun,3,23,200,173
g462.jpg,200,200,gun,1,24,196,199
g463.jpg,200,200,gun,2,31,199,190
g464.jpg,200,200,gun,5,10,193,195
g465.jpg,200,200,gun,2,5,200,181
g466.jpg,200,200,gun,4,18,200,170
g467.jpg,200,200,gun,1,27,200,188
g468.jpg,200,200,gun,6,26,200,170
g469.jpg,200,200,gun,4,31,199,181
g47.jpg,200,200,gun,5,36,193,178
g470.jpg,200,200,gun,3,10,200,178
g471.jpg,200,200,gun,2,25,199,181
g472.jpg,200,200,gun,1,16,200,182
g473.jpg,200,200,gun,4,20,200,172
g474.jpg,200,200,gun,4,45,198,160
g475.jpg,200,200,gun,4,40,200,167
g476.jpg,200,200,gun,1,42,198,168
g477.jpg,200,200,gun,4,16,199,181
g478.jpg,200,200,gun,1,14,200,181
g479.jpg,200,200,gun,1,28,200,178
g48.jpg,200,200,gun,4,24,197,189
g480.jpg,200,200,gun,1,19,194,196
g481.jpg,200,200,gun,1,10,199,195
g482.jpg,200,200,gun,1,21,200,194
g483.jpg,200,200,gun,1,11,200,191
g484.jpg,200,200,gun,1,1,199,196
g485.jpg,200,200,gun,1,16,200,169
g486.jpg,200,200,gun,3,10,195,187
g487.jpg,200,200,gun,6,36,198,168
g488.jpg,200,200,gun,4,29,198,168
g489.jpg,200,200,gun,1,10,185,186
g49.jpg,200,200,gun,2,4,194,200
g490.jpg,200,200,gun,2,28,198,187
g491.jpg,200,200,gun,4,9,197,195
g492.jpg,200,200,gun,3,19,197,186
g493.jpg,200,200,gun,1,7,200,186
g494.jpg,200,200,gun,5,7,196,187
g495.jpg,200,200,gun,4,20,195,188
g496.jpg,200,200,gun,5,25,200,182
g497.jpg,200,200,gun,5,16,197,183
g498.jpg,200,200,gun,3,16,200,185
g499.jpg,200,200,gun,4,8,193,169
g5.jpg,200,200,gun,1,7,198,200
g50.jpg,200,200,gun,6,16,194,197
g500.jpg,200,200,gun,1,12,200,178
g501.jpg,200,200,gun,5,11,195,187
g502.jpg,200,200,gun,3,24,199,174
g503.jpg,200,200,gun,1,15,200,195
g504.jpg,200,200,gun,3,6,198,179
g505.jpg,200,200,gun,3,14,199,187
g506.jpg,200,200,gun,1,24,200,178
g507.jpg,200,200,gun,1,9,199,194
g508.jpg,200,200,gun,3,43,200,176
g509.jpg,200,200,gun,2,5,199,188
g51.jpg,200,200,gun,3,6,200,199
g510.jpg,200,200,gun,6,30,200,141
g511.jpg,200,200,gun,1,38,200,174
g512.jpg,200,200,gun,1,6,197,188
g513.jpg,200,200,gun,1,19,198,171
g514.jpg,200,200,gun,1,30,200,151
g515.jpg,200,200,gun,8,32,195,169
g516.jpg,200,200,gun,2,10,200,187
g517.jpg,200,200,gun,2,25,199,171
g518.jpg,200,200,gun,5,10,198,188
g519.jpg,200,200,gun,10,29,197,168
g52.jpg,200,200,gun,6,7,194,198
g520.jpg,200,200,gun,5,37,193,177
g521.jpg,200,200,gun,4,9,200,192
g522.jpg,200,200,gun,2,10,188,191
g523.jpg,200,200,gun,4,8,194,191
g524.jpg,200,200,gun,2,10,198,191
g525.jpg,200,200,gun,6,10,196,200
g526.jpg,200,200,gun,3,5,200,179
g527.jpg,200,200,gun,1,11,199,171
g528.jpg,200,200,gun,2,7,200,146
g529.jpg,200,200,gun,4,29,200,170
g53.jpg,200,200,gun,3,4,200,179
g530.jpg,200,200,gun,1,4,199,183
g531.jpg,200,200,gun,1,8,199,171
g532.jpg,200,200,gun,1,18,199,161
g533.jpg,200,200,gun,2,20,200,161
g534.jpg,200,200,gun,2,31,199,132
g535.jpg,200,200,gun,2,20,199,174
g536.jpg,200,200,gun,1,6,199,155
g537.jpg,200,200,gun,1,23,200,136
g538.jpg,200,200,gun,1,31,200,122
g539.jpg,200,200,gun,1,15,200,154
g54.jpg,200,200,gun,6,21,200,158
g540.jpg,200,200,gun,4,15,200,192
g541.jpg,200,200,gun,3,18,200,186
g542.jpg,200,200,gun,1,34,197,178
g543.jpg,200,200,gun,12,28,182,190
g544.jpg,200,200,gun,3,15,197,177
g545.jpg,200,200,gun,3,12,200,161
g546.jpg,200,200,gun,3,39,200,165
g547.jpg,200,200,gun,4,22,192,164
g548.jpg,200,200,gun,2,26,200,151
g549.jpg,200,200,gun,1,40,200,171
g55.jpg,200,200,gun,4,16,193,192
g550.jpg,200,200,gun,2,3,200,189
g551.jpg,200,200,gun,6,30,197,152
g552.jpg,200,200,gun,5,20,194,182
g553.jpg,200,200,gun,2,11,200,188
g554.jpg,200,200,gun,1,17,199,181
g555.jpg,200,200,gun,1,21,200,181
g556.jpg,200,200,gun,1,7,196,160
g557.jpg,200,200,gun,2,13,196,146
g558.jpg,200,200,gun,2,10,199,154
g559.jpg,200,200,gun,2,28,200,165
g56.jpg,200,200,gun,3,11,189,190
g560.jpg,200,200,gun,1,7,200,172
g561.jpg,200,200,gun,2,19,200,183
g562.jpg,200,200,gun,3,13,200,140
g563.jpg,200,200,gun,2,13,199,157
g564.jpg,200,200,gun,1,6,194,170
g565.jpg,200,200,gun,1,5,200,148
g566.jpg,200,200,gun,1,7,200,174
g567.jpg,200,200,gun,1,14,200,186
g568.jpg,200,200,gun,2,3,199,179
g569.jpg,200,200,gun,1,11,195,178
g57.jpg,200,200,gun,4,1,195,177
g570.jpg,200,200,gun,1,6,200,144
g571.jpg,200,200,gun,3,9,200,188
g572.jpg,200,200,gun,4,12,190,182
g573.jpg,200,200,gun,5,46,196,185
g574.jpg,200,200,gun,2,14,199,122
g575.jpg,200,200,gun,1,22,200,155
g576.jpg,200,200,gun,3,20,200,160
g577.jpg,200,200,gun,4,22,200,148
g578.jpg,200,200,gun,4,22,197,173
g579.jpg,200,200,gun,3,36,198,168
g58.jpg,200,200,gun,3,10,200,184
g580.jpg,200,200,gun,10,28,197,164
g581.jpg,200,200,gun,3,6,198,185
g582.jpg,200,200,gun,3,16,188,183
g583.jpg,200,200,gun,4,9,196,131
g584.jpg,200,200,gun,5,31,197,182
g585.jpg,200,200,gun,5,16,196,164
g586.jpg,200,200,gun,6,13,199,128
g587.jpg,200,200,gun,5,17,200,163
g588.jpg,200,200,gun,3,12,197,174
g589.jpg,200,200,gun,3,17,200,174
g59.jpg,200,200,gun,6,7,200,195
g590.jpg,200,200,gun,3,18,192,178
g591.jpg,200,200,gun,1,11,199,185
g592.jpg,200,200,gun,3,34,195,179
g593.jpg,200,200,gun,2,33,199,159
g594.jpg,200,200,gun,1,19,200,172
g595.jpg,200,200,gun,3,11,200,171
g596.jpg,200,200,gun,2,28,199,176
g597.jpg,200,200,gun,4,39,199,176
g598.jpg,200,200,gun,3,26,200,154
g599.jpg,200,200,gun,3,19,200,156
g6.jpg,200,200,gun,6,8,199,198
g60.jpg,200,200,gun,5,8,200,189
g600.jpg,200,200,gun,3,18,198,153
g601.jpg,200,200,gun,3,14,200,159
g602.jpg,200,200,gun,5,2,200,113
g603.jpg,200,200,gun,1,4,198,185
g604.jpg,200,200,gun,1,16,200,132
g605.jpg,200,200,gun,4,38,190,169
g606.jpg,200,200,gun,1,30,200,146
g607.jpg,200,200,gun,3,20,198,176
g608.jpg,200,200,gun,1,21,200,107
g609.jpg,200,200,gun,1,31,200,163
g61.jpg,200,200,gun,5,7,200,192
g610.jpg,200,200,gun,1,6,199,161
g611.jpg,200,200,gun,4,24,200,155
g612.jpg,200,200,gun,1,30,197,177
g613.jpg,200,200,gun,2,6,193,183
g614.jpg,200,200,gun,3,8,198,144
g615.jpg,200,200,gun,3,17,200,163
g616.jpg,200,200,gun,4,19,197,136
g617.jpg,200,200,gun,2,11,189,179
g618.jpg,200,200,gun,3,21,191,168
g619.jpg,200,200,gun,7,17,197,176
g62.jpg,200,200,gun,12,9,199,196
g620.jpg,200,200,gun,4,21,200,164
g621.jpg,200,200,gun,3,55,200,164
g622.jpg,200,200,gun,4,34,200,192
g623.jpg,200,200,gun,4,23,194,185
g624.jpg,200,200,gun,3,12,200,184
g625.jpg,200,200,gun,10,28,200,175
g626.jpg,200,200,gun,3,15,200,174
g627.jpg,200,200,gun,4,4,199,192
g628.jpg,200,200,gun,1,3,198,193
g629.jpg,200,200,gun,2,6,198,200
g63.jpg,200,200,gun,3,11,199,199
g630.jpg,200,200,gun,1,14,200,186
g631.jpg,200,200,gun,2,10,200,189
g632.jpg,200,200,gun,3,2,200,193
g633.jpg,200,200,gun,3,22,196,182
g634.jpg,200,200,gun,2,58,200,182
g635.jpg,200,200,gun,2,6,198,200
g636.jpg,200,200,gun,2,16,200,189
g637.jpg,200,200,gun,2,11,195,193
g638.jpg,200,200,gun,2,9,199,186
g639.jpg,200,200,gun,3,11,198,200
g64.jpg,200,200,gun,3,6,200,195
g640.jpg,200,200,gun,4,14,200,168
g641.jpg,200,200,gun,5,7,200,144
g642.jpg,200,200,gun,3,19,200,185
g643.jpg,200,200,gun,1,7,199,133
g644.jpg,200,200,gun,4,10,199,176
g645.jpg,200,200,gun,4,45,200,173
g646.jpg,200,200,gun,1,16,200,191
g647.jpg,200,200,gun,2,5,199,148
g648.jpg,200,200,gun,2,14,200,187
g649.jpg,200,200,gun,1,13,200,137
g65.jpg,200,200,gun,2,5,199,200
g650.jpg,200,200,gun,3,55,197,146
g651.jpg,200,200,gun,3,29,200,136
g652.jpg,200,200,gun,3,13,200,126
g653.jpg,200,200,gun,3,62,200,144
g654.jpg,200,200,gun,1,26,198,151
g655.jpg,200,200,gun,3,22,200,124
g656.jpg,200,200,gun,3,21,200,141
g657.jpg,200,200,gun,1,24,200,155
g658.jpg,200,200,gun,1,17,200,173
g659.jpg,200,200,gun,2,25,200,124
g66.jpg,200,200,gun,5,8,200,185
g660.jpg,200,200,gun,1,28,200,140
g661.jpg,200,200,gun,1,22,200,148
g662.jpg,200,200,gun,4,9,199,182
g663.jpg,200,200,gun,2,12,196,131
g664.jpg,200,200,gun,1,11,197,150
g665.jpg,200,200,gun,1,23,199,153
g666.jpg,200,200,gun,1,16,200,164
g667.jpg,200,200,gun,3,13,200,147
g668.jpg,200,200,gun,3,11,196,156
g669.jpg,200,200,gun,3,23,199,152
g67.jpg,200,200,gun,5,14,196,196
g670.jpg,200,200,gun,4,13,195,191
g671.jpg,200,200,gun,5,11,195,191
g672.jpg,200,200,gun,3,6,200,186
g673.jpg,200,200,gun,3,8,194,199
g674.jpg,200,200,gun,3,10,199,182
g675.jpg,200,200,gun,3,13,196,197
g676.jpg,200,200,gun,25,28,178,188
g677.jpg,200,200,gun,6,9,195,193
g678.jpg,200,200,gun,4,4,200,187
g679.jpg,200,200,gun,5,11,191,194
g68.jpg,200,200,gun,3,8,198,200
g680.jpg,200,200,gun,1,10,200,171
g681.jpg,200,200,gun,6,23,200,188
g682.jpg,200,200,gun,2,1,200,190
g683.jpg,200,200,gun,2,15,194,197
g684.jpg,200,200,gun,5,7,196,199
g685.jpg,200,200,gun,3,5,193,193
g686.jpg,200,200,gun,3,15,196,141
g687.jpg,200,200,gun,1,2,199,139
g688.jpg,200,200,gun,2,6,193,189
g689.jpg,200,200,gun,3,14,186,187
g69.jpg,200,200,gun,4,8,200,197
g690.jpg,200,200,gun,6,4,200,194
g691.jpg,200,200,gun,3,6,192,190
g692.jpg,200,200,gun,3,7,200,133
g693.jpg,200,200,gun,7,3,198,162
g694.jpg,200,200,gun,2,6,200,147
g695.jpg,200,200,gun,3,6,197,159
g696.jpg,200,200,gun,3,12,200,158
g697.jpg,200,200,gun,1,6,198,199
g698.jpg,200,200,gun,4,7,198,190
g699.jpg,200,200,gun,3,9,192,188
g7.jpg,200,200,gun,2,8,195,200
g70.jpg,200,200,gun,10,43,193,164
g700.jpg,200,200,gun,6,16,189,150
g701.jpg,200,200,gun,4,8,196,192
g702.jpg,200,200,gun,6,6,197,194
g703.jpg,200,200,gun,4,6,199,197
g704.jpg,200,200,gun,2,3,195,191
g705.jpg,200,200,gun,1,5,200,156
g706.jpg,200,200,gun,1,6,198,194
g707.jpg,200,200,gun,1,3,191,200
g708.jpg,200,200,gun,3,5,200,195
g709.jpg,200,200,gun,4,8,200,197
g71.jpg,200,200,gun,6,4,195,200
g710.jpg,200,200,gun,4,14,199,131
g711.jpg,200,200,gun,6,15,193,143
g712.jpg,200,200,gun,5,4,200,199
g713.jpg,200,200,gun,2,2,191,147
g714.jpg,200,200,gun,2,4,197,174
g715.jpg,200,200,gun,1,5,193,188
g716.jpg,200,200,gun,5,4,200,186
g717.jpg,200,200,gun,4,6,193,195
g718.jpg,200,200,gun,2,4,199,184
g719.jpg,200,200,gun,1,2,200,186
g72.jpg,200,200,gun,4,1,200,187
g720.jpg,200,200,gun,6,12,199,154
g721.jpg,200,200,gun,1,1,200,148
g722.jpg,200,200,gun,3,2,199,147
g723.jpg,200,200,gun,4,1,200,156
g724.jpg,200,200,gun,2,2,200,149
g725.jpg,200,200,gun,2,3,200,148
g726.jpg,200,200,gun,1,4,200,154
g727.jpg,200,200,gun,1,4,199,152
g728.jpg,200,200,gun,1,5,197,199
g729.jpg,200,200,gun,1,4,200,196
g73.jpg,200,200,gun,3,4,200,192
g730.jpg,200,200,gun,1,3,198,192
g731.jpg,200,200,gun,1,9,188,200
g732.jpg,200,200,gun,3,9,199,197
g733.jpg,200,200,gun,4,6,195,190
g734.jpg,200,200,gun,3,4,195,193
g735.jpg,200,200,gun,1,4,200,194
g736.jpg,200,200,gun,7,9,195,187
g737.jpg,200,200,gun,1,3,200,188
g738.jpg,200,200,gun,1,4,200,197
g739.jpg,200,200,gun,7,13,194,184
g74.jpg,200,200,gun,1,10,198,197
g740.jpg,200,200,gun,3,2,200,186
g741.jpg,200,200,gun,6,9,198,196
g742.jpg,200,200,gun,3,2,194,199
g743.jpg,200,200,gun,3,2,200,187
g744.jpg,200,200,gun,1,4,200,196
g745.jpg,200,200,gun,2,4,199,185
g746.jpg,200,200,gun,4,8,200,192
g747.jpg,200,200,gun,5,7,188,190
g748.jpg,200,200,gun,1,4,200,184
g749.jpg,200,200,gun,6,8,199,191
g75.jpg,200,200,gun,2,12,200,193
g750.jpg,200,200,gun,9,6,196,193
g751.jpg,200,200,gun,1,5,197,200
g752.jpg,200,200,gun,3,10,200,193
g753.jpg,200,200,gun,1,6,200,196
g754.jpg,200,200,gun,1,17,194,199
g755.jpg,200,200,gun,1,9,199,139
g756.jpg,200,200,gun,2,7,184,200
g757.jpg,200,200,gun,3,8,200,198
g758.jpg,200,200,gun,1,5,197,200
g759.jpg,200,200,gun,3,1,192,200
g76.jpg,200,200,gun,4,5,200,192
g760.jpg,200,200,gun,2,7,193,190
g761.jpg,200,200,gun,1,8,200,198
g762.jpg,200,200,gun,2,7,200,196
g763.jpg,200,200,gun,1,9,200,196
g764.jpg,200,200,gun,2,3,196,197
g765.jpg,200,200,gun,3,8,197,194
g766.jpg,200,200,gun,3,14,195,197
g767.jpg,200,200,gun,2,7,200,188
g768.jpg,200,200,gun,2,7,200,197
g769.jpg,200,200,gun,2,6,200,194
g77.jpg,200,200,gun,3,12,198,198
g770.jpg,200,200,gun,4,5,200,185
g771.jpg,200,200,gun,7,4,187,198
g772.jpg,200,200,gun,1,6,200,188
g773.jpg,200,200,gun,3,7,200,188
g774.jpg,200,200,gun,2,6,200,198
g775.jpg,200,200,gun,3,7,198,193
g776.jpg,200,200,gun,2,12,199,200
g777.jpg,200,200,gun,1,6,196,199
g778.jpg,200,200,gun,3,9,200,187
g779.jpg,200,200,gun,3,4,191,190
g78.jpg,200,200,gun,1,4,200,192
g780.jpg,200,200,gun,2,7,200,191
g781.jpg,200,200,gun,1,4,200,120
g782.jpg,200,200,gun,2,1,198,195
g783.jpg,200,200,gun,1,7,200,132
g784.jpg,200,200,gun,1,13,200,142
g785.jpg,200,200,gun,1,12,198,121
g786.jpg,200,200,gun,1,16,199,128
g787.jpg,200,200,gun,1,6,199,140
g788.jpg,200,200,gun,1,23,200,115
g789.jpg,200,200,gun,1,12,197,128
g79.jpg,200,200,gun,2,10,200,104
g790.jpg,200,200,gun,8,6,200,121
g791.jpg,200,200,gun,1,7,200,196
g792.jpg,200,200,gun,3,3,194,173
g793.jpg,200,200,gun,1,9,200,170
g794.jpg,200,200,gun,1,7,200,154
g795.jpg,200,200,gun,1,4,200,154
g796.jpg,200,200,gun,2,5,199,165
g797.jpg,200,200,gun,14,13,182,193
g798.jpg,200,200,gun,14,7,200,183
g799.jpg,200,200,gun,1,5,200,187
g8.jpg,200,200,gun,3,9,199,191
g80.jpg,200,200,gun,3,5,194,194
g800.jpg,200,200,gun,1,25,200,134
g81.jpg,200,200,gun,2,3,200,191
g82.jpg,200,200,gun,1,6,200,195
g83.jpg,200,200,gun,1,14,200,198
g84.jpg,200,200,gun,3,5,189,199
g85.jpg,200,200,gun,1,5,200,199
g86.jpg,200,200,gun,3,7,200,188
g87.jpg,200,200,gun,3,4,199,200
g88.jpg,200,200,gun,2,6,200,193
g89.jpg,200,200,gun,1,1,200,196
g9.jpg,200,200,gun,1,9,200,194
g90.jpg,200,200,gun,4,5,200,194
g91.jpg,200,200,gun,2,4,200,182
g92.jpg,200,200,gun,2,18,198,193
g93.jpg,200,200,gun,3,7,198,102
g94.jpg,200,200,gun,2,5,200,175
g95.jpg,200,200,gun,1,4,200,185
g96.jpg,200,200,gun,1,14,192,183
g97.jpg,200,200,gun,1,4,200,193
g98.jpg,200,200,gun,1,2,200,196
g99.jpg,200,200,gun,1,2,200,197
K0.jpg,200,200,knife,2,5,195,190
K1.jpg,200,200,knife,2,23,199,176
K10.jpg,200,200,knife,10,86,26,173
K10.jpg,200,200,knife,30,85,48,170
K10.jpg,200,200,knife,51,97,67,176
K10.jpg,200,200,knife,68,83,94,169
K10.jpg,200,200,knife,114,32,141,171
K10.jpg,200,200,knife,145,37,168,169
K10.jpg,200,200,knife,171,27,194,176
K100.jpg,200,200,knife,86,2,192,157
K1000.jpg,200,200,knife,3,4,197,199
K1001.jpg,200,200,knife,7,67,191,140
K1002.jpg,200,200,knife,127,1,193,199
K1003.jpg,200,200,knife,67,27,111,160
K1004.jpg,200,200,knife,3,58,176,180
K1005.jpg,200,200,knife,3,22,186,192
K1006.jpg,200,200,knife,4,74,192,127
K1007.jpg,200,200,knife,7,75,190,127
K1008.jpg,200,200,knife,7,83,194,127
K1008.jpg,200,200,knife,65,132,162,166
K101.jpg,200,200,knife,3,11,151,150
K101.jpg,200,200,knife,141,25,170,96
K1010.jpg,200,200,knife,16,83,191,176
K1010.jpg,200,200,knife,25,1,167,155
K1011.jpg,200,200,knife,15,5,52,187
K1011.jpg,200,200,knife,58,8,94,181
K1011.jpg,200,200,knife,102,10,134,179
K1011.jpg,200,200,knife,143,6,183,176
K1012.jpg,200,200,knife,33,82,196,157
K1013.jpg,200,200,knife,10,82,194,126
K1014.jpg,200,200,knife,48,16,190,83
K1014.jpg,200,200,knife,13,74,146,180
K1015.jpg,200,200,knife,2,67,200,108
K1015.jpg,200,200,knife,62,112,195,141
K1016.jpg,200,200,knife,1,13,180,199
K1017.jpg,200,200,knife,19,6,179,189
K1018.jpg,200,200,knife,16,11,175,186
K1019.jpg,200,200,knife,1,4,195,199
K102.jpg,200,200,knife,5,84,195,154
K1020.jpg,200,200,knife,6,16,186,193
K1021.jpg,200,200,knife,7,17,185,195
K1022.jpg,200,200,knife,6,1,189,197
K1023.jpg,200,200,knife,107,27,189,169
K1023.jpg,200,200,knife,14,50,97,164
K1024.jpg,200,200,knife,10,35,186,71
K1024.jpg,200,200,knife,11,73,145,92
K1024.jpg,200,200,knife,3,110,196,146
K1024.jpg,200,200,knife,45,92,77,102
K1025.jpg,200,200,knife,2,6,191,188
K1026.jpg,200,200,knife,32,58,176,187
K1027.jpg,200,200,knife,55,11,95,196
K1027.jpg,200,200,knife,90,92,193,122
K1027.jpg,200,200,knife,81,156,197,193
K1027.jpg,200,200,knife,100,8,197,89
K1028.jpg,200,200,knife,10,40,184,148
K1029.jpg,200,200,knife,25,14,47,181
K1029.jpg,200,200,knife,53,21,76,181
K1029.jpg,200,200,knife,74,19,97,187
K1029.jpg,200,200,knife,97,14,119,183
K1029.jpg,200,200,knife,123,12,139,187
K1029.jpg,200,200,knife,149,14,168,192
K1029.jpg,200,200,knife,165,9,198,187
K103.jpg,200,200,knife,9,5,130,154
K1030.jpg,200,200,knife,27,80,171,116
K1030.jpg,200,200,knife,41,112,176,158
K1031.jpg,200,200,knife,9,48,163,130
K1032.jpg,200,200,knife,5,4,182,200
K1033.jpg,200,200,knife,11,41,179,137
K1034.jpg,200,200,knife,14,2,192,198
K1035.jpg,200,200,knife,17,38,171,190
K1036.jpg,200,200,knife,5,15,187,181
K1037.jpg,200,200,knife,7,17,188,186
K1038.jpg,200,200,knife,91,23,187,193
K1039.jpg,200,200,knife,1,55,149,188
K1039.jpg,200,200,knife,21,20,187,179
K104.jpg,200,200,knife,24,114,197,163
K1040.jpg,200,200,knife,11,44,186,177
K1041.jpg,200,200,knife,84,8,192,198
K1041.jpg,200,200,knife,28,8,135,198
K1042.jpg,200,200,knife,113,35,153,185
K1043.jpg,200,200,knife,16,54,180,146
K1044.jpg,200,200,knife,2,7,194,183
K1045.jpg,200,200,knife,3,8,187,172
K1046.jpg,200,200,knife,19,18,149,125
K1046.jpg,200,200,knife,26,21,171,182
K1047.jpg,200,200,knife,37,1,155,195
K1048.jpg,200,200,knife,13,17,181,178
K1049.jpg,200,200,knife,8,48,178,79
K1049.jpg,200,200,knife,39,84,191,116
K1049.jpg,200,200,knife,76,122,194,152
K105.jpg,200,200,knife,21,50,200,136
K1050.jpg,200,200,knife,24,20,92,135
K1051.jpg,200,200,knife,7,15,189,156
K1052.jpg,200,200,knife,4,75,197,139
K1053.jpg,200,200,knife,7,79,194,120
K1054.jpg,200,200,knife,1,22,197,154
K1055.jpg,200,200,knife,3,15,195,196
K1056.jpg,200,200,knife,13,67,190,124
K1057.jpg,200,200,knife,43,12,160,189
K1058.jpg,200,200,knife,2,9,133,159
K1058.jpg,200,200,knife,44,32,184,186
K1059.jpg,200,200,knife,67,15,118,182
K106.jpg,200,200,knife,82,1,120,200
K1060.jpg,200,200,knife,2,31,190,144
K1062.jpg,200,200,knife,4,9,158,173
K1062.jpg,200,200,knife,45,52,185,190
K1063.jpg,200,200,knife,3,83,195,117
K1064.jpg,200,200,knife,3,84,189,115
K1065.jpg,200,200,knife,11,23,182,187
K1066.jpg,200,200,knife,10,21,184,186
K1067.jpg,200,200,knife,5,3,193,198
K1068.jpg,200,200,knife,5,6,191,195
K1069.jpg,200,200,knife,4,53,165,112
K107.jpg,200,200,knife,2,8,190,194
K1071.jpg,200,200,knife,11,24,198,194
K1072.jpg,200,200,knife,4,8,193,198
K1073.jpg,200,200,knife,39,67,171,179
K1074.jpg,200,200,knife,10,7,194,193
K1075.jpg,200,200,knife,18,56,190,140
K1076.jpg,200,200,knife,22,60,179,131
K1077.jpg,200,200,knife,21,40,187,96
K1077.jpg,200,200,knife,46,36,141,181
K1078.jpg,200,200,knife,4,10,187,185
K1079.jpg,200,200,knife,20,83,179,116
K108.jpg,200,200,knife,87,5,120,198
K1080.jpg,200,200,knife,28,1,151,199
K1081.jpg,200,200,knife,20,29,188,175
K1082.jpg,200,200,knife,9,11,193,164
K1083.jpg,200,200,knife,14,14,177,176
K1084.jpg,200,200,knife,6,43,192,155
K1085.jpg,200,200,knife,10,43,196,83
K1086.jpg,200,200,knife,15,32,146,195
K1087.jpg,200,200,knife,22,23,180,172
K1088.jpg,200,200,knife,13,11,183,186
K1089.jpg,200,200,knife,1,2,196,199
K109.jpg,200,200,knife,1,73,200,120
K1090.jpg,200,200,knife,11,5,195,198
K1091.jpg,200,200,knife,18,14,179,194
K1092.jpg,200,200,knife,1,7,186,198
K1093.jpg,200,200,knife,10,45,187,175
K1094.jpg,200,200,knife,35,53,157,158
K1095.jpg,200,200,knife,1,1,193,189
K1096.jpg,200,200,knife,79,31,172,180
K1097.jpg,200,200,knife,47,5,86,198
K1098.jpg,200,200,knife,4,2,108,192
K1099.jpg,200,200,knife,83,4,134,198
K11.jpg,200,200,knife,13,6,78,186
K11.jpg,200,200,knife,99,6,195,194
K110.jpg,200,200,knife,2,72,200,124
K1100.jpg,200,200,knife,24,4,167,190
K111.jpg,200,200,knife,12,79,198,119
K112.jpg,200,200,knife,98,7,197,190
K112.jpg,200,200,knife,6,6,196,192
K113.jpg,200,200,knife,111,4,199,188
K113.jpg,200,200,knife,3,70,77,191
K113.jpg,200,200,knife,7,5,197,197
K114.jpg,200,200,knife,3,6,194,198
K115.jpg,200,200,knife,6,9,192,190
K116.jpg,200,200,knife,5,3,161,193
K117.jpg,200,200,knife,13,3,193,198
K118.jpg,200,200,knife,32,31,178,168
K119.jpg,200,200,knife,10,5,144,191
K12.jpg,200,200,knife,3,9,188,191
K120.jpg,200,200,knife,2,8,193,198
K121.jpg,200,200,knife,2,8,194,186
K122.jpg,200,200,knife,14,16,186,195
K123.jpg,200,200,knife,5,56,162,193
K124.jpg,200,200,knife,66,48,191,198
K125.jpg,200,200,knife,2,40,189,140
K126.jpg,200,200,knife,12,58,168,191
K127.jpg,200,200,knife,5,10,183,185
K128.jpg,200,200,knife,14,10,194,173
K129.jpg,200,200,knife,7,5,167,199
K13.jpg,200,200,knife,2,32,198,153
K130.jpg,200,200,knife,2,43,196,132
K131.jpg,200,200,knife,2,127,139,195
K131.jpg,200,200,knife,11,85,168,163
K131.jpg,200,200,knife,30,55,183,127
K131.jpg,200,200,knife,4,4,194,195
K132.jpg,200,200,knife,22,24,133,178
K133.jpg,200,200,knife,22,30,135,177
K134.jpg,200,200,knife,16,25,182,164
K135.jpg,200,200,knife,43,11,166,195
K136.jpg,200,200,knife,45,1,66,183
K136.jpg,200,200,knife,73,12,170,193
K136.jpg,200,200,knife,38,5,161,182
K137.jpg,200,200,knife,10,31,182,183
K138.jpg,200,200,knife,9,36,193,196
K139.jpg,200,200,knife,63,7,200,162
K14.jpg,200,200,knife,1,31,197,154
K140.jpg,200,200,knife,61,5,197,175
K141.jpg,200,200,knife,149,1,194,183
K141.jpg,200,200,knife,107,47,150,173
K142.jpg,200,200,knife,150,2,196,171
K142.jpg,200,200,knife,142,128,195,185
K142.jpg,200,200,knife,101,46,151,164
K143.jpg,200,200,knife,56,79,192,192
K143.jpg,200,200,knife,70,31,188,160
K143.jpg,200,200,knife,102,2,190,161
K144.jpg,200,200,knife,51,22,185,95
K144.jpg,200,200,knife,59,108,192,183
K145.jpg,200,200,knife,16,11,191,169
K146.jpg,200,200,knife,36,9,137,195
K147.jpg,200,200,knife,3,3,193,198
K148.jpg,200,200,knife,3,6,193,198
K149.jpg,200,200,knife,2,73,199,117
K15.jpg,200,200,knife,4,10,194,190
K150.jpg,200,200,knife,2,75,200,119
K151.jpg,200,200,knife,41,21,116,194
K151.jpg,200,200,knife,110,17,157,188
K152.jpg,200,200,knife,113,19,161,184
K153.jpg,200,200,knife,8,75,196,168
K154.jpg,200,200,knife,97,12,176,197
K155.jpg,200,200,knife,117,3,168,189
K156.jpg,200,200,knife,4,81,194,150
K157.jpg,200,200,knife,26,9,128,183
K158.jpg,200,200,knife,3,76,197,124
K159.jpg,200,200,knife,5,9,191,197
K16.jpg,200,200,knife,7,2,198,193
K160.jpg,200,200,knife,3,2,191,193
K161.jpg,200,200,knife,1,5,194,192
K162.jpg,200,200,knife,1,4,195,183
K163.jpg,200,200,knife,4,24,195,158
K164.jpg,200,200,knife,4,15,178,198
K165.jpg,200,200,knife,42,43,162,181
K166.jpg,200,200,knife,6,45,194,151
K167.jpg,200,200,knife,14,63,194,147
K168.jpg,200,200,knife,26,19,155,172
K169.jpg,200,200,knife,11,6,185,192
K17.jpg,200,200,knife,3,4,196,188
K170.jpg,200,200,knife,9,5,200,31
K170.jpg,200,200,knife,13,26,198,61
K170.jpg,200,200,knife,8,79,200,102
K170.jpg,200,200,knife,11,105,200,136
K170.jpg,200,200,knife,8,141,200,163
K171.jpg,200,200,knife,51,1,116,198
K172.jpg,200,200,knife,25,52,191,171
K173.jpg,200,200,knife,7,12,192,178
K174.jpg,200,200,knife,78,8,122,196
K175.jpg,200,200,knife,65,1,177,183
K176.jpg,200,200,knife,1,3,113,198
K177.jpg,200,200,knife,6,25,194,184
K178.jpg,200,200,knife,3,5,193,198
K179.jpg,200,200,knife,15,3,139,193
K179.jpg,200,200,knife,95,6,193,189
K18.jpg,200,200,knife,2,22,195,148
K180.jpg,200,200,knife,1,10,28,108
K180.jpg,200,200,knife,10,1,79,104
K180.jpg,200,200,knife,5,161,199,193
K180.jpg,200,200,knife,21,132,180,167
K180.jpg,200,200,knife,15,52,198,164
K181.jpg,200,200,knife,5,5,190,181
K182.jpg,200,200,knife,3,3,195,191
K183.jpg,200,200,knife,74,44,183,197
K184.jpg,200,200,knife,60,2,115,194
K185.jpg,200,200,knife,75,2,179,189
K186.jpg,200,200,knife,8,12,182,193
K187.jpg,200,200,knife,1,3,194,199
K188.jpg,200,200,knife,3,15,188,199
K189.jpg,200,200,knife,1,15,179,199
K19.jpg,200,200,knife,2,29,192,148
K190.jpg,200,200,knife,15,21,120,160
K191.jpg,200,200,knife,8,15,187,190
K192.jpg,200,200,knife,11,10,50,175
K192.jpg,200,200,knife,93,72,116,166
K193.jpg,200,200,knife,83,13,131,173
K194.jpg,200,200,knife,15,6,64,185
K195.jpg,200,200,knife,54,24,100,171
K196.jpg,200,200,knife,97,34,136,161
K197.jpg,200,200,knife,135,7,197,161
K198.jpg,200,200,knife,2,50,197,147
K199.jpg,200,200,knife,46,6,123,193
K2.jpg,200,200,knife,2,1,197,187
K200.jpg,200,200,knife,10,2,184,189
K201.jpg,200,200,knife,8,17,177,197
K201.jpg,200,200,knife,38,63,85,81
K202.jpg,200,200,knife,4,12,181,186
K203.jpg,200,200,knife,8,9,193,174
K204.jpg,200,200,knife,7,5,191,195
K205.jpg,200,200,knife,1,9,186,197
K206.jpg,200,200,knife,3,22,175,148
K207.jpg,200,200,knife,7,42,144,194
K207.jpg,200,200,knife,57,3,191,131
K208.jpg,200,200,knife,3,45,184,153
K209.jpg,200,200,knife,3,47,187,152
K21.jpg,200,200,knife,5,32,192,164
K210.jpg,200,200,knife,32,2,166,198
K211.jpg,200,200,knife,6,83,194,124
K212.jpg,200,200,knife,10,16,179,159
K213.jpg,200,200,knife,11,44,180,173
K214.jpg,200,200,knife,28,60,194,198
K215.jpg,200,200,knife,16,70,194,196
K216.jpg,200,200,knife,17,10,59,179
K216.jpg,200,200,knife,68,9,123,179
K216.jpg,200,200,knife,121,4,195,183
K217.jpg,200,200,knife,45,8,174,192
K218.jpg,200,200,knife,21,15,185,192
K219.jpg,200,200,knife,5,105,138,138
K219.jpg,200,200,knife,109,104,181,177
K22.jpg,200,200,knife,7,36,187,164
K220.jpg,200,200,knife,2,42,186,157
K221.jpg,200,200,knife,3,61,195,137
K222.jpg,200,200,knife,16,24,178,82
K222.jpg,200,200,knife,19,56,181,109
K222.jpg,200,200,knife,15,86,184,137
K222.jpg,200,200,knife,23,118,174,171
K223.jpg,200,200,knife,15,64,183,136
K224.jpg,200,200,knife,23,14,175,179
K225.jpg,200,200,knife,1,3,192,199
K226.jpg,200,200,knife,15,23,191,185
K227.jpg,200,200,knife,109,8,187,189
K228.jpg,200,200,knife,5,110,188,180
K229.jpg,200,200,knife,19,4,176,192
K23.jpg,200,200,knife,7,27,190,178
K230.jpg,200,200,knife,5,5,181,198
K231.jpg,200,200,knife,1,14,194,153
K232.jpg,200,200,knife,13,79,124,188
K232.jpg,200,200,knife,19,20,175,156
K233.jpg,200,200,knife,3,2,192,185
K234.jpg,200,200,knife,5,2,169,198
K235.jpg,200,200,knife,4,2,199,195
K236.jpg,200,200,knife,1,10,190,199
K237.jpg,200,200,knife,2,3,138,137
K237.jpg,200,200,knife,160,4,194,126
K238.jpg,200,200,knife,3,37,190,171
K239.jpg,200,200,knife,4,37,189,173
K24.jpg,200,200,knife,4,27,188,173
K240.jpg,200,200,knife,12,52,184,140
K241.jpg,200,200,knife,129,5,163,194
K242.jpg,200,200,knife,56,9,104,197
K243.jpg,200,200,knife,16,15,179,185
K244.jpg,200,200,knife,5,13,183,182
K245.jpg,200,200,knife,10,18,188,71
K246.jpg,200,200,knife,77,4,126,197
K247.jpg,200,200,knife,26,8,158,191
K248.jpg,200,200,knife,6,2,189,185
K249.jpg,200,200,knife,10,14,178,175
K25.jpg,200,200,knife,16,2,167,195
K250.jpg,200,200,knife,8,4,81,194
K250.jpg,200,200,knife,78,32,126,192
K250.jpg,200,200,knife,121,50,164,186
K250.jpg,200,200,knife,160,89,187,196
K251.jpg,200,200,knife,6,3,89,187
K251.jpg,200,200,knife,80,40,125,176
K251.jpg,200,200,knife,123,59,164,190
K251.jpg,200,200,knife,158,94,190,187
K252.jpg,200,200,knife,1,131,85,193
K252.jpg,200,200,knife,70,5,120,116
K253.jpg,200,200,knife,3,10,183,158
K254.jpg,200,200,knife,60,25,80,160
K254.jpg,200,200,knife,78,24,97,158
K254.jpg,200,200,knife,95,24,114,161
K254.jpg,200,200,knife,112,24,130,163
K255.jpg,200,200,knife,58,28,80,170
K255.jpg,200,200,knife,78,27,101,173
K255.jpg,200,200,knife,99,28,120,176
K255.jpg,200,200,knife,114,26,145,170
K256.jpg,200,200,knife,5,6,190,197
K257.jpg,200,200,knife,9,4,190,192
K258.jpg,200,200,knife,7,20,187,183
K259.jpg,200,200,knife,1,19,184,195
K26.jpg,200,200,knife,16,5,187,195
K260.jpg,200,200,knife,7,5,189,83
K260.jpg,200,200,knife,8,99,194,187
K261.jpg,200,200,knife,9,2,128,146
K261.jpg,200,200,knife,145,118,191,200
K262.jpg,200,200,knife,4,4,197,198
K263.jpg,200,200,knife,10,77,197,138
K264.jpg,200,200,knife,41,2,158,192
K265.jpg,200,200,knife,39,5,157,194
K266.jpg,200,200,knife,15,8,173,191
K267.jpg,200,200,knife,9,7,184,198
K268.jpg,200,200,knife,77,71,158,149
K268.jpg,200,200,knife,56,8,173,115
K269.jpg,200,200,knife,52,34,68,108
K27.jpg,200,200,knife,75,14,126,187
K270.jpg,200,200,knife,2,12,184,192
K271.jpg,200,200,knife,1,5,198,47
K272.jpg,200,200,knife,20,48,176,83
K273.jpg,200,200,knife,1,4,192,197
K274.jpg,200,200,knife,13,58,200,137
K275.jpg,200,200,knife,3,2,191,196
K276.jpg,200,200,knife,26,23,194,184
K277.jpg,200,200,knife,7,9,184,197
K278.jpg,200,200,knife,9,8,142,161
K279.jpg,200,200,knife,12,7,198,194
K28.jpg,200,200,knife,1,56,93,200
K28.jpg,200,200,knife,16,53,105,83
K28.jpg,200,200,knife,1,2,112,39
K28.jpg,200,200,knife,111,1,133,200
K28.jpg,200,200,knife,129,93,180,200
K28.jpg,200,200,knife,129,7,181,129
K28.jpg,200,200,knife,149,1,188,60
K28.jpg,200,200,knife,183,14,200,185
K280.jpg,200,200,knife,21,24,200,92
K281.jpg,200,200,knife,3,1,124,144
K281.jpg,200,200,knife,6,3,192,198
K282.jpg,200,200,knife,60,14,140,196
K283.jpg,200,200,knife,5,12,195,169
K284.jpg,200,200,knife,2,3,105,182
K285.jpg,200,200,knife,96,10,157,200
K287.jpg,200,200,knife,49,6,146,152
K288.jpg,200,200,knife,10,39,196,134
K289.jpg,200,200,knife,3,39,178,194
K29.jpg,200,200,knife,76,15,116,179
K290.jpg,200,200,knife,4,10,194,188
K291.jpg,200,200,knife,5,2,184,197
K292.jpg,200,200,knife,4,36,192,92
K293.jpg,200,200,knife,6,17,111,179
K294.jpg,200,200,knife,1,34,103,112
K295.jpg,200,200,knife,84,13,121,165
K296.jpg,200,200,knife,10,31,157,152
K297.jpg,200,200,knife,6,29,189,88
K298.jpg,200,200,knife,4,6,189,198
K299.jpg,200,200,knife,2,73,195,121
K3.jpg,200,200,knife,37,17,71,171
K3.jpg,200,200,knife,73,15,170,147
K30.jpg,200,200,knife,3,31,189,162
K300.jpg,200,200,knife,2,5,193,196
K301.jpg,200,200,knife,10,16,189,194
K302.jpg,200,200,knife,13,7,188,182
K303.jpg,200,200,knife,10,2,194,186
K304.jpg,200,200,knife,10,13,182,195
K305.jpg,200,200,knife,7,40,166,189
K306.jpg,200,200,knife,3,72,198,131
K307.jpg,200,200,knife,7,74,194,122
K308.jpg,200,200,knife,1,14,157,154
K309.jpg,200,200,knife,2,3,187,198
K31.jpg,200,200,knife,5,27,196,163
K310.jpg,200,200,knife,5,79,193,119
K311.jpg,200,200,knife,1,2,191,199
K312.jpg,200,200,knife,1,4,183,199
K313.jpg,200,200,knife,10,4,189,175
K314.jpg,200,200,knife,1,2,99,196
K314.jpg,200,200,knife,1,7,189,198
K315.jpg,200,200,knife,2,24,200,176
K316.jpg,200,200,knife,2,85,199,119
K317.jpg,200,200,knife,7,7,189,196
K318.jpg,200,200,knife,62,1,139,197
K319.jpg,200,200,knife,52,3,161,194
K32.jpg,200,200,knife,27,15,68,190
K32.jpg,200,200,knife,68,19,100,187
K32.jpg,200,200,knife,100,15,133,182
K32.jpg,200,200,knife,139,13,181,198
K320.jpg,200,200,knife,55,1,158,198
K321.jpg,200,200,knife,12,21,175,154
K322.jpg,200,200,knife,41,6,184,196
K323.jpg,200,200,knife,1,4,176,197
K324.jpg,200,200,knife,12,52,189,171
K325.jpg,200,200,knife,3,38,180,128
K326.jpg,200,200,knife,2,4,194,196
K327.jpg,200,200,knife,3,8,187,197
K328.jpg,200,200,knife,1,8,190,196
K329.jpg,200,200,knife,1,14,130,197
K33.jpg,200,200,knife,9,19,29,192
K33.jpg,200,200,knife,23,15,45,188
K33.jpg,200,200,knife,39,12,62,187
K33.jpg,200,200,knife,60,8,81,194
K33.jpg,200,200,knife,77,4,100,196
K33.jpg,200,200,knife,95,15,117,189
K33.jpg,200,200,knife,119,1,139,192
K33.jpg,200,200,knife,138,10,158,189
K33.jpg,200,200,knife,160,13,178,193
K33.jpg,200,200,knife,179,20,200,180
K330.jpg,200,200,knife,12,1,176,198
K331.jpg,200,200,knife,14,21,178,177
K332.jpg,200,200,knife,2,14,128,198
K333.jpg,200,200,knife,8,9,178,196
K334.jpg,200,200,knife,12,10,185,185
K335.jpg,200,200,knife,27,47,178,98
K336.jpg,200,200,knife,12,50,188,126
K337.jpg,200,200,knife,10,26,183,124
K337.jpg,200,200,knife,11,101,194,173
K338.jpg,200,200,knife,42,47,195,192
K339.jpg,200,200,knife,1,49,195,148
K34.jpg,200,200,knife,3,48,196,159
K340.jpg,200,200,knife,10,29,190,174
K341.jpg,200,200,knife,2,2,141,198
K342.jpg,200,200,knife,2,9,139,199
K343.jpg,200,200,knife,2,19,200,167
K344.jpg,200,200,knife,3,1,198,196
K345.jpg,200,200,knife,3,1,200,189
K346.jpg,200,200,knife,12,8,184,184
K347.jpg,200,200,knife,15,13,197,192
K348.jpg,200,200,knife,1,4,193,198
K348.jpg,200,200,knife,72,167,198,193
K349.jpg,200,200,knife,23,65,194,158
K35.jpg,200,200,knife,12,24,186,178
K350.jpg,200,200,knife,1,4,125,196
K351.jpg,200,200,knife,7,16,190,110
K352.jpg,200,200,knife,11,117,189,157
K353.jpg,200,200,knife,18,55,178,118
K354.jpg,200,200,knife,12,13,182,194
K355.jpg,200,200,knife,5,12,187,190
K356.jpg,200,200,knife,1,80,199,122
K357.jpg,200,200,knife,16,11,190,193
K358.jpg,200,200,knife,11,22,189,189
K359.jpg,200,200,knife,3,55,198,89
K359.jpg,200,200,knife,34,95,191,120
K359.jpg,200,200,knife,70,123,191,146
K36.jpg,200,200,knife,5,5,179,182
K360.jpg,200,200,knife,34,1,92,200
K361.jpg,200,200,knife,16,13,182,193
K362.jpg,200,200,knife,62,3,85,85
K362.jpg,200,200,knife,2,15,183,198
K363.jpg,200,200,knife,1,10,196,198
K364.jpg,200,200,knife,3,6,176,198
K365.jpg,200,200,knife,4,27,62,184
K365.jpg,200,200,knife,29,2,129,200
K365.jpg,200,200,knife,71,1,164,132
K366.jpg,200,200,knife,4,6,181,197
K367.jpg,200,200,knife,7,32,37,131
K367.jpg,200,200,knife,5,5,192,198
K368.jpg,200,200,knife,3,7,189,196
K369.jpg,200,200,knife,9,39,196,156
K37.jpg,200,200,knife,2,1,114,178
K37.jpg,200,200,knife,3,2,194,196
K370.jpg,200,200,knife,10,2,180,198
K371.jpg,200,200,knife,3,5,191,197
K372.jpg,200,200,knife,3,5,184,198
K373.jpg,200,200,knife,2,10,191,199
K374.jpg,200,200,knife,7,5,194,199
K375.jpg,200,200,knife,4,8,197,198
K376.jpg,200,200,knife,14,108,194,180
K377.jpg,200,200,knife,2,1,187,198
K378.jpg,200,200,knife,14,27,113,197
K378.jpg,200,200,knife,83,5,194,163
K379.jpg,200,200,knife,1,9,185,199
K38.jpg,200,200,knife,1,1,114,182
K38.jpg,200,200,knife,5,1,181,178
K380.jpg,200,200,knife,2,9,187,200
K381.jpg,200,200,knife,1,3,181,188
K382.jpg,200,200,knife,10,12,190,194
K383.jpg,200,200,knife,17,16,193,167
K385.jpg,200,200,knife,61,21,94,163
K385.jpg,200,200,knife,96,19,134,163
K386.jpg,200,200,knife,11,32,194,173
K387.jpg,200,200,knife,4,2,197,200
K388.jpg,200,200,knife,52,61,186,173
K389.jpg,200,200,knife,61,16,189,192
K39.jpg,200,200,knife,5,37,186,166
K390.jpg,200,200,knife,3,26,189,175
K391.jpg,200,200,knife,1,4,192,200
K392.jpg,200,200,knife,2,20,190,164
K393.jpg,200,200,knife,7,123,181,168
K394.jpg,200,200,knife,36,84,171,168
K395.jpg,200,200,knife,21,40,171,133
K396.jpg,200,200,knife,25,9,168,162
K397.jpg,200,200,knife,14,55,182,154
K398.jpg,200,200,knife,29,34,194,191
K399.jpg,200,200,knife,7,118,189,173
K4.jpg,200,200,knife,4,41,193,150
K40.jpg,200,200,knife,62,3,146,200
K400.jpg,200,200,knife,8,17,183,184
K401.jpg,200,200,knife,4,54,196,135
K402.jpg,200,200,knife,2,11,188,198
K403.jpg,200,200,knife,4,6,189,198
K404.jpg,200,200,knife,1,5,187,197
K405.jpg,200,200,knife,5,3,199,198
K406.jpg,200,200,knife,4,18,164,199
K407.jpg,200,200,knife,5,76,197,127
K408.jpg,200,200,knife,2,14,198,192
K409.jpg,200,200,knife,1,2,189,199
K41.jpg,200,200,knife,7,20,171,186
K410.jpg,200,200,knife,4,4,200,189
K411.jpg,200,200,knife,14,134,185,187
K412.jpg,200,200,knife,7,7,188,193
K413.jpg,200,200,knife,8,24,162,191
K414.jpg,200,200,knife,29,101,178,137
K415.jpg,200,200,knife,4,5,197,193
K416.jpg,200,200,knife,5,5,196,194
K417.jpg,200,200,knife,14,5,177,169
K418.jpg,200,200,knife,26,1,146,190
K419.jpg,200,200,knife,34,7,157,183
K42.jpg,200,200,knife,23,2,190,188
K420.jpg,200,200,knife,3,13,170,189
K421.jpg,200,200,knife,2,18,175,191
K422.jpg,200,200,knife,3,7,173,185
K423.jpg,200,200,knife,21,13,180,191
K424.jpg,200,200,knife,8,95,197,127
K424.jpg,200,200,knife,15,132,193,166
K425.jpg,200,200,knife,13,25,172,198
K426.jpg,200,200,knife,6,96,197,129
K427.jpg,200,200,knife,2,2,129,199
K428.jpg,200,200,knife,3,11,142,199
K429.jpg,200,200,knife,31,73,165,125
K43.jpg,200,200,knife,2,8,194,171
K430.jpg,200,200,knife,7,29,186,78
K430.jpg,200,200,knife,7,132,191,173
K431.jpg,200,200,knife,13,2,177,79
K431.jpg,200,200,knife,17,112,185,200
K432.jpg,200,200,knife,3,7,182,199
K433.jpg,200,200,knife,6,55,192,147
K434.jpg,200,200,knife,8,134,200,188
K435.jpg,200,200,knife,3,23,194,76
K435.jpg,200,200,knife,1,80,158,109
K436.jpg,200,200,knife,5,25,199,74
K436.jpg,200,200,knife,1,78,163,111
K437.jpg,200,200,knife,8,17,44,148
K437.jpg,200,200,knife,2,41,198,184
K438.jpg,200,200,knife,10,5,183,155
K439.jpg,200,200,knife,1,24,200,188
K44.jpg,200,200,knife,41,32,200,118
K440.jpg,200,200,knife,10,5,194,196
K441.jpg,200,200,knife,6,79,199,126
K442.jpg,200,200,knife,2,5,197,180
K443.jpg,200,200,knife,7,35,188,172
K444.jpg,200,200,knife,33,28,178,191
K445.jpg,200,200,knife,13,22,174,186
K446.jpg,200,200,knife,6,39,188,158
K447.jpg,200,200,knife,14,18,200,128
K448.jpg,200,200,knife,102,4,197,88
K448.jpg,200,200,knife,10,62,106,176
K449.jpg,200,200,knife,3,79,194,114
K45.jpg,200,200,knife,7,8,188,186
K450.jpg,200,200,knife,4,76,196,119
K451.jpg,200,200,knife,10,64,200,151
K452.jpg,200,200,knife,32,1,182,163
K453.jpg,200,200,knife,21,39,174,176
K454.jpg,200,200,knife,31,64,200,189
K455.jpg,200,200,knife,21,18,83,193
K455.jpg,200,200,knife,102,11,200,48
K455.jpg,200,200,knife,105,81,198,117
K455.jpg,200,200,knife,104,150,200,191
K456.jpg,200,200,knife,1,24,28,184
K456.jpg,200,200,knife,24,18,59,197
K456.jpg,200,200,knife,56,11,88,185
K456.jpg,200,200,knife,84,18,118,194
K456.jpg,200,200,knife,113,13,143,194
K456.jpg,200,200,knife,138,16,172,189
K456.jpg,200,200,knife,168,9,199,197
K457.jpg,200,200,knife,3,21,29,192
K457.jpg,200,200,knife,27,15,58,190
K457.jpg,200,200,knife,58,16,87,187
K457.jpg,200,200,knife,85,25,116,198
K457.jpg,200,200,knife,113,19,144,200
K457.jpg,200,200,knife,141,11,173,196
K457.jpg,200,200,knife,171,18,200,190
K458.jpg,200,200,knife,18,22,61,185
K458.jpg,200,200,knife,56,18,89,190
K458.jpg,200,200,knife,87,22,123,181
K458.jpg,200,200,knife,124,43,156,179
K458.jpg,200,200,knife,149,69,192,185
K459.jpg,200,200,knife,20,27,196,94
K46.jpg,200,200,knife,8,9,184,185
K460.jpg,200,200,knife,3,18,191,191
K461.jpg,200,200,knife,2,37,71,68
K461.jpg,200,200,knife,130,35,200,66
K461.jpg,200,200,knife,131,135,200,162
K461.jpg,200,200,knife,1,138,71,160
K461.jpg,200,200,knife,67,7,135,191
K462.jpg,200,200,knife,16,1,182,189
K463.jpg,200,200,knife,16,3,176,182
K464.jpg,200,200,knife,33,77,154,161
K465.jpg,200,200,knife,28,26,149,187
K466.jpg,200,200,knife,65,40,155,156
K467.jpg,200,200,knife,29,11,165,160
K468.jpg,200,200,knife,28,6,189,190
K469.jpg,200,200,knife,20,69,158,134
K47.jpg,200,200,knife,2,55,197,111
K470.jpg,200,200,knife,52,10,146,194
K471.jpg,200,200,knife,3,3,107,87
K471.jpg,200,200,knife,103,7,197,82
K471.jpg,200,200,knife,1,80,100,151
K471.jpg,200,200,knife,67,91,178,175
K472.jpg,200,200,knife,2,27,181,200
K473.jpg,200,200,knife,3,51,198,174
K474.jpg,200,200,knife,27,16,158,168
K475.jpg,200,200,knife,2,2,191,195
K476.jpg,200,200,knife,42,20,134,166
K477.jpg,200,200,knife,2,71,200,124
K478.jpg,200,200,knife,1,77,200,120
K479.jpg,200,200,knife,7,24,149,165
K48.jpg,200,200,knife,2,6,178,116
K48.jpg,200,200,knife,8,109,194,190
K480.jpg,200,200,knife,2,33,200,176
K481.jpg,200,200,knife,2,3,94,152
K481.jpg,200,200,knife,6,1,150,150
K481.jpg,200,200,knife,1,160,126,198
K482.jpg,200,200,knife,3,3,38,132
K482.jpg,200,200,knife,20,1,194,198
K483.jpg,200,200,knife,26,23,174,187
K484.jpg,200,200,knife,1,20,188,192
K485.jpg,200,200,knife,3,4,194,194
K486.jpg,200,200,knife,3,5,197,195
K487.jpg,200,200,knife,103,4,192,96
K487.jpg,200,200,knife,66,113,98,189
K488.jpg,200,200,knife,4,3,199,197
K489.jpg,200,200,knife,8,15,194,188
K49.jpg,200,200,knife,1,1,190,190
K490.jpg,200,200,knife,2,10,192,191
K491.jpg,200,200,knife,10,19,190,182
K492.jpg,200,200,knife,16,7,184,182
K493.jpg,200,200,knife,4,24,196,168
K494.jpg,200,200,knife,7,11,200,70
K494.jpg,200,200,knife,8,68,171,116
K494.jpg,200,200,knife,9,141,194,191
K495.jpg,200,200,knife,13,51,178,95
K495.jpg,200,200,knife,5,95,197,149
K496.jpg,200,200,knife,1,15,190,148
K497.jpg,200,200,knife,3,37,190,169
K498.jpg,200,200,knife,18,54,131,200
K499.jpg,200,200,knife,19,54,132,196
K5.jpg,200,200,knife,7,38,185,167
K50.jpg,200,200,knife,1,1,190,184
K500.jpg,200,200,knife,7,18,191,182
K501.jpg,200,200,knife,8,102,195,131
K502.jpg,200,200,knife,27,52,191,175
K503.jpg,200,200,knife,12,12,185,181
K504.jpg,200,200,knife,5,11,187,192
K505.jpg,200,200,knife,3,4,190,192
K506.jpg,200,200,knife,48,12,146,169
K507.jpg,200,200,knife,47,14,152,180
K508.jpg,200,200,knife,3,4,186,185
K509.jpg,200,200,knife,4,2,184,187
K51.jpg,200,200,knife,20,25,196,174
K510.jpg,200,200,knife,16,28,197,123
K511.jpg,200,200,knife,40,31,183,184
K511.jpg,200,200,knife,19,30,139,69
K512.jpg,200,200,knife,10,70,176,143
K513.jpg,200,200,knife,1,73,199,130
K514.jpg,200,200,knife,3,16,164,81
K515.jpg,200,200,knife,4,93,184,146
K516.jpg,200,200,knife,6,94,182,145
K517.jpg,200,200,knife,20,10,173,175
K518.jpg,200,200,knife,2,18,148,195
K519.jpg,200,200,knife,3,15,198,182
K519.jpg,200,200,knife,62,16,131,93
K52.jpg,200,200,knife,11,9,194,197
K520.jpg,200,200,knife,13,28,200,185
K521.jpg,200,200,knife,5,45,191,95
K521.jpg,200,200,knife,5,103,200,142
K522.jpg,200,200,knife,2,23,186,178
K523.jpg,200,200,knife,12,78,196,136
K524.jpg,200,200,knife,11,31,185,157
K526.jpg,200,200,knife,12,8,184,190
K527.jpg,200,200,knife,12,7,180,194
K528.jpg,200,200,knife,74,3,146,198
K529.jpg,200,200,knife,4,31,189,181
K53.jpg,200,200,knife,4,10,187,192
K530.jpg,200,200,knife,75,5,173,160
K530.jpg,200,200,knife,76,93,200,193
K531.jpg,200,200,knife,14,82,191,134
K532.jpg,200,200,knife,13,82,191,140
K533.jpg,200,200,knife,21,124,184,199
K533.jpg,200,200,knife,3,97,158,143
K533.jpg,200,200,knife,20,50,174,102
K533.jpg,200,200,knife,55,2,193,80
K534.jpg,200,200,knife,54,2,188,75
K534.jpg,200,200,knife,20,48,170,99
K534.jpg,200,200,knife,3,102,150,136
K534.jpg,200,200,knife,19,127,195,196
K535.jpg,200,200,knife,16,23,190,176
K536.jpg,200,200,knife,13,75,182,117
K537.jpg,200,200,knife,1,18,195,175
K538.jpg,200,200,knife,2,8,195,171
K539.jpg,200,200,knife,14,14,195,167
K54.jpg,200,200,knife,20,48,159,181
K540.jpg,200,200,knife,5,15,187,185
K541.jpg,200,200,knife,7,8,192,189
K542.jpg,200,200,knife,3,4,140,156
K542.jpg,200,200,knife,46,12,189,190
K543.jpg,200,200,knife,13,21,200,180
K544.jpg,200,200,knife,79,5,107,96
K544.jpg,200,200,knife,88,125,109,200
K544.jpg,200,200,knife,11,30,89,191
K544.jpg,200,200,knife,108,21,197,178
K545.jpg,200,200,knife,10,20,184,182
K546.jpg,200,200,knife,9,21,185,179
K547.jpg,200,200,knife,7,11,188,192
K548.jpg,200,200,knife,5,11,189,188
K549.jpg,200,200,knife,3,88,198,136
K55.jpg,200,200,knife,77,2,112,200
K550.jpg,200,200,knife,3,58,141,143
K551.jpg,200,200,knife,5,54,159,141
K552.jpg,200,200,knife,4,36,195,166
K553.jpg,200,200,knife,4,44,182,161
K554.jpg,200,200,knife,11,1,133,189
K555.jpg,200,200,knife,62,4,185,199
K556.jpg,200,200,knife,79,5,175,173
K558.jpg,200,200,knife,3,23,194,196
K559.jpg,200,200,knife,26,14,134,175
K56.jpg,200,200,knife,2,1,187,187
K560.jpg,200,200,knife,52,9,100,195
K560.jpg,200,200,knife,106,8,149,182
K561.jpg,200,200,knife,62,41,179,119
K562.jpg,200,200,knife,47,66,200,111
K563.jpg,200,200,knife,1,7,180,140
K564.jpg,200,200,knife,12,9,152,163
K565.jpg,200,200,knife,10,70,200,126
K566.jpg,200,200,knife,9,94,184,142
K567.jpg,200,200,knife,45,1,163,192
K567.jpg,200,200,knife,1,1,87,151
K567.jpg,200,200,knife,88,1,196,197
K568.jpg,200,200,knife,47,8,164,95
K568.jpg,200,200,knife,84,70,195,111
K568.jpg,200,200,knife,37,108,158,164
K569.jpg,200,200,knife,42,50,186,147
K569.jpg,200,200,knife,78,110,200,176
K57.jpg,200,200,knife,2,42,196,146
K570.jpg,200,200,knife,53,5,152,96
K570.jpg,200,200,knife,81,68,200,109
K570.jpg,200,200,knife,40,111,158,163
K571.jpg,200,200,knife,68,118,180,183
K571.jpg,200,200,knife,53,16,187,106
K572.jpg,200,200,knife,25,56,187,180
K573.jpg,200,200,knife,49,11,186,98
K573.jpg,200,200,knife,71,62,190,140
K574.jpg,200,200,knife,48,28,165,82
K574.jpg,200,200,knife,84,73,198,111
K574.jpg,200,200,knife,78,111,189,167
K575.jpg,200,200,knife,5,50,151,192
K576.jpg,200,200,knife,10,63,146,191
K577.jpg,200,200,knife,12,54,143,198
K578.jpg,200,200,knife,3,32,174,174
K579.jpg,200,200,knife,3,14,192,70
K58.jpg,200,200,knife,8,70,200,109
K580.jpg,200,200,knife,5,58,171,129
K581.jpg,200,200,knife,7,5,37,186
K581.jpg,200,200,knife,34,5,69,187
K581.jpg,200,200,knife,62,70,133,153
K581.jpg,200,200,knife,153,92,184,176
K581.jpg,200,200,knife,144,20,200,96
K582.jpg,200,200,knife,4,79,105,139
K582.jpg,200,200,knife,101,19,199,83
K583.jpg,200,200,knife,5,131,187,189
K584.jpg,200,200,knife,2,5,176,120
K586.jpg,200,200,knife,7,51,167,149
K587.jpg,200,200,knife,17,24,119,199
K587.jpg,200,200,knife,47,89,169,197
K588.jpg,200,200,knife,10,76,190,114
K589.jpg,200,200,knife,3,41,197,156
K590.jpg,200,200,knife,15,30,191,184
K591.jpg,200,200,knife,4,51,197,144
K592.jpg,200,200,knife,11,6,133,188
K593.jpg,200,200,knife,3,17,181,196
K594.jpg,200,200,knife,3,5,146,192
K595.jpg,200,200,knife,2,79,197,127
K596.jpg,200,200,knife,1,82,200,129
K597.jpg,200,200,knife,1,1,153,151
K598.jpg,200,200,knife,7,7,194,181
K599.jpg,200,200,knife,39,50,167,181
K6.jpg,200,200,knife,13,20,175,196
K60.jpg,200,200,knife,7,66,191,136
K600.jpg,200,200,knife,4,22,185,177
K601.jpg,200,200,knife,7,5,186,198
K601.jpg,200,200,knife,79,163,200,193
K602.jpg,200,200,knife,41,31,149,118
K603.jpg,200,200,knife,46,23,148,104
K604.jpg,200,200,knife,24,33,184,197
K605.jpg,200,200,knife,3,82,196,140
K606.jpg,200,200,knife,1,9,186,200
K607.jpg,200,200,knife,29,26,162,178
K608.jpg,200,200,knife,10,43,189,161
K609.jpg,200,200,knife,26,16,182,158
K61.jpg,200,200,knife,3,99,183,166
K610.jpg,200,200,knife,3,57,200,136
K611.jpg,200,200,knife,1,2,182,198
K612.jpg,200,200,knife,8,21,192,88
K612.jpg,200,200,knife,14,87,199,155
K614.jpg,200,200,knife,13,12,179,96
K614.jpg,200,200,knife,17,75,184,162
K615.jpg,200,200,knife,1,2,184,191
K616.jpg,200,200,knife,10,2,193,193
K617.jpg,200,200,knife,2,7,174,199
K618.jpg,200,200,knife,7,10,181,177
K619.jpg,200,200,knife,3,19,183,199
K62.jpg,200,200,knife,3,66,200,135
K620.jpg,200,200,knife,50,80,149,186
K620.jpg,200,200,knife,74,52,172,142
K620.jpg,200,200,knife,91,40,184,104
K621.jpg,200,200,knife,35,54,185,167
K622.jpg,200,200,knife,7,40,184,180
K623.jpg,200,200,knife,18,33,195,124
K624.jpg,200,200,knife,6,42,148,169
K626.jpg,200,200,knife,105,24,151,176
K627.jpg,200,200,knife,71,9,128,185
K628.jpg,200,200,knife,32,5,171,199
K629.jpg,200,200,knife,17,44,171,188
K630.jpg,200,200,knife,75,89,146,200
K631.jpg,200,200,knife,3,3,179,157
K632.jpg,200,200,knife,28,9,182,199
K633.jpg,200,200,knife,17,21,182,184
K634.jpg,200,200,knife,6,16,174,164
K635.jpg,200,200,knife,6,56,200,133
K636.jpg,200,200,knife,22,137,200,184
K637.jpg,200,200,knife,1,39,186,163
K638.jpg,200,200,knife,1,40,195,170
K639.jpg,200,200,knife,1,40,194,177
K64.jpg,200,200,knife,20,40,193,196
K640.jpg,200,200,knife,13,34,196,108
K641.jpg,200,200,knife,20,137,176,188
K642.jpg,200,200,knife,29,85,183,196
K643.jpg,200,200,knife,1,22,196,156
K644.jpg,200,200,knife,5,42,194,163
K645.jpg,200,200,knife,2,47,198,144
K646.jpg,200,200,knife,2,50,196,148
K647.jpg,200,200,knife,28,73,187,198
K648.jpg,200,200,knife,16,6,186,182
K649.jpg,200,200,knife,42,18,94,198
K649.jpg,200,200,knife,98,1,147,200
K649.jpg,200,200,knife,156,1,199,200
K649.jpg,200,200,knife,3,32,39,198
K65.jpg,200,200,knife,18,44,192,197
K650.jpg,200,200,knife,1,7,190,197
K651.jpg,200,200,knife,5,14,181,199
K652.jpg,200,200,knife,9,99,187,160
K653.jpg,200,200,knife,10,101,178,138
K653.jpg,200,200,knife,4,41,192,92
K654.jpg,200,200,knife,1,5,185,152
K655.jpg,200,200,knife,8,23,195,174
K656.jpg,200,200,knife,19,8,184,186
K657.jpg,200,200,knife,14,56,195,136
K658.jpg,200,200,knife,5,15,188,193
K659.jpg,200,200,knife,5,13,191,191
K66.jpg,200,200,knife,21,41,198,196
K660.jpg,200,200,knife,9,20,189,190
K661.jpg,200,200,knife,10,56,184,173
K662.jpg,200,200,knife,7,39,122,193
K662.jpg,200,200,knife,69,1,199,192
K662.jpg,200,200,knife,3,1,114,104
K663.jpg,200,200,knife,11,25,181,191
K664.jpg,200,200,knife,12,24,178,189
K665.jpg,200,200,knife,10,37,186,164
K666.jpg,200,200,knife,4,21,177,182
K667.jpg,200,200,knife,4,22,185,156
K668.jpg,200,200,knife,41,22,168,149
K669.jpg,200,200,knife,36,12,127,184
K67.jpg,200,200,knife,12,34,182,151
K670.jpg,200,200,knife,116,4,153,187
K671.jpg,200,200,knife,45,6,152,182
K672.jpg,200,200,knife,78,1,189,36
K672.jpg,200,200,knife,8,41,200,77
K673.jpg,200,200,knife,3,15,166,168
K674.jpg,200,200,knife,4,66,191,135
K675.jpg,200,200,knife,7,109,106,192
K675.jpg,200,200,knife,101,108,189,195
K675.jpg,200,200,knife,24,14,181,76
K676.jpg,200,200,knife,7,76,191,140
K677.jpg,200,200,knife,29,116,200,198
K677.jpg,200,200,knife,35,17,196,103
K678.jpg,200,200,knife,7,28,167,171
K679.jpg,200,200,knife,52,15,166,173
K68.jpg,200,200,knife,6,16,145,138
K68.jpg,200,200,knife,12,11,181,175
K680.jpg,200,200,knife,23,34,180,127
K681.jpg,200,200,knife,29,36,181,121
K682.jpg,200,200,knife,1,21,187,199
K683.jpg,200,200,knife,2,18,183,198
K684.jpg,200,200,knife,7,115,187,175
K685.jpg,200,200,knife,7,131,192,185
K686.jpg,200,200,knife,7,123,191,179
K687.jpg,200,200,knife,13,111,195,184
K688.jpg,200,200,knife,4,23,189,185
K689.jpg,200,200,knife,4,14,191,195
K69.jpg,200,200,knife,3,46,185,113
K69.jpg,200,200,knife,5,64,177,142
K690.jpg,200,200,knife,11,10,86,177
K690.jpg,200,200,knife,7,15,181,180
K691.jpg,200,200,knife,17,8,189,197
K692.jpg,200,200,knife,14,4,184,198
K693.jpg,200,200,knife,7,114,196,168
K694.jpg,200,200,knife,2,87,184,141
K695.jpg,200,200,knife,55,87,158,123
K696.jpg,200,200,knife,15,75,188,127
K697.jpg,200,200,knife,3,7,191,200
K698.jpg,200,200,knife,7,15,196,188
K7.jpg,200,200,knife,8,10,186,193
K70.jpg,200,200,knife,4,5,192,198
K700.jpg,200,200,knife,3,76,200,124
K701.jpg,200,200,knife,2,79,199,118
K702.jpg,200,200,knife,3,74,200,125
K703.jpg,200,200,knife,2,61,200,134
K704.jpg,200,200,knife,10,47,179,183
K705.jpg,200,200,knife,1,18,192,199
K706.jpg,200,200,knife,1,23,168,152
K707.jpg,200,200,knife,3,6,195,73
K708.jpg,200,200,knife,5,32,75,179
K708.jpg,200,200,knife,103,13,200,84
K709.jpg,200,200,knife,8,49,188,111
K709.jpg,200,200,knife,26,112,192,170
K71.jpg,200,200,knife,16,25,182,185
K710.jpg,200,200,knife,9,1,185,196
K711.jpg,200,200,knife,33,59,198,195
K712.jpg,200,200,knife,47,4,102,195
K713.jpg,200,200,knife,7,59,192,135
K714.jpg,200,200,knife,15,32,191,79
K714.jpg,200,200,knife,3,114,200,166
K715.jpg,200,200,knife,60,22,190,71
K716.jpg,200,200,knife,7,52,193,140
K718.jpg,200,200,knife,96,23,152,171
K719.jpg,200,200,knife,7,26,193,97
K72.jpg,200,200,knife,14,11,184,172
K720.jpg,200,200,knife,1,6,190,199
K721.jpg,200,200,knife,42,109,132,139
K721.jpg,200,200,knife,72,136,161,164
K721.jpg,200,200,knife,38,153,132,187
K721.jpg,200,200,knife,25,108,36,196
K721.jpg,200,200,knife,11,111,20,194
K721.jpg,200,200,knife,1,132,11,200
K721.jpg,200,200,knife,162,119,178,200
K721.jpg,200,200,knife,178,115,192,200
K722.jpg,200,200,knife,33,60,186,190
K723.jpg,200,200,knife,39,9,149,187
K724.jpg,200,200,knife,10,33,189,187
K725.jpg,200,200,knife,1,20,200,186
K726.jpg,200,200,knife,3,26,200,120
K727.jpg,200,200,knife,27,12,172,180
K728.jpg,200,200,knife,40,5,156,197
K729.jpg,200,200,knife,5,73,198,119
K73.jpg,200,200,knife,5,16,179,127
K730.jpg,200,200,knife,8,74,198,124
K731.jpg,200,200,knife,1,31,199,73
K731.jpg,200,200,knife,6,83,189,124
K731.jpg,200,200,knife,45,137,156,163
K732.jpg,200,200,knife,74,9,121,188
K733.jpg,200,200,knife,75,10,126,195
K734.jpg,200,200,knife,5,65,195,134
K735.jpg,200,200,knife,4,53,193,153
K736.jpg,200,200,knife,12,56,196,135
K737.jpg,200,200,knife,3,62,200,139
K738.jpg,200,200,knife,13,21,196,160
K739.jpg,200,200,knife,27,50,174,145
K74.jpg,200,200,knife,7,13,185,145
K740.jpg,200,200,knife,80,1,123,200
K742.jpg,200,200,knife,2,1,194,177
K743.jpg,200,200,knife,1,82,200,127
K744.jpg,200,200,knife,94,7,148,61
K744.jpg,200,200,knife,85,63,174,96
K744.jpg,200,200,knife,85,94,166,137
K744.jpg,200,200,knife,81,104,179,190
K745.jpg,200,200,knife,6,43,190,109
K746.jpg,200,200,knife,49,55,149,182
K747.jpg,200,200,knife,13,9,187,180
K748.jpg,200,200,knife,6,23,47,200
K748.jpg,200,200,knife,41,22,73,197
K748.jpg,200,200,knife,69,42,106,197
K748.jpg,200,200,knife,102,39,133,199
K748.jpg,200,200,knife,125,33,160,189
K748.jpg,200,200,knife,154,14,186,199
K749.jpg,200,200,knife,15,81,110,198
K749.jpg,200,200,knife,49,32,140,164
K75.jpg,200,200,knife,8,18,192,163
K750.jpg,200,200,knife,2,45,200,104
K751.jpg,200,200,knife,9,22,183,146
K752.jpg,200,200,knife,3,31,187,109
K752.jpg,200,200,knife,3,132,52,181
K753.jpg,200,200,knife,13,15,163,194
K754.jpg,200,200,knife,9,6,182,196
K755.jpg,200,200,knife,42,23,163,200
K756.jpg,200,200,knife,64,19,192,185
K757.jpg,200,200,knife,3,3,189,190
K758.jpg,200,200,knife,35,3,196,159
K759.jpg,200,200,knife,21,18,158,186
K76.jpg,200,200,knife,2,71,187,151
K760.jpg,200,200,knife,34,81,173,119
K761.jpg,200,200,knife,8,37,168,195
K762.jpg,200,200,knife,3,3,130,137
K763.jpg,200,200,knife,3,4,120,136
K764.jpg,200,200,knife,5,13,113,187
K765.jpg,200,200,knife,15,25,172,190
K766.jpg,200,200,knife,2,69,199,131
K767.jpg,200,200,knife,3,55,199,151
K768.jpg,200,200,knife,7,14,197,182
K769.jpg,200,200,knife,13,39,180,146
K77.jpg,200,200,knife,7,17,175,199
K770.jpg,200,200,knife,17,50,159,136
K771.jpg,200,200,knife,8,13,189,183
K772.jpg,200,200,knife,13,27,170,190
K773.jpg,200,200,knife,2,38,184,168
K774.jpg,200,200,knife,2,31,198,156
K775.jpg,200,200,knife,38,60,168,147
K775.jpg,200,200,knife,27,35,180,155
K776.jpg,200,200,knife,60,1,143,189
K777.jpg,200,200,knife,34,44,185,172
K778.jpg,200,200,knife,14,58,175,198
K779.jpg,200,200,knife,3,91,135,160
K779.jpg,200,200,knife,25,37,144,118
K779.jpg,200,200,knife,80,15,181,113
K779.jpg,200,200,knife,27,117,171,190
K78.jpg,200,200,knife,6,37,135,197
K780.jpg,200,200,knife,5,20,181,149
K781.jpg,200,200,knife,5,19,196,167
K782.jpg,200,200,knife,3,13,188,185
K783.jpg,200,200,knife,5,111,196,171
K784.jpg,200,200,knife,67,11,152,188
K785.jpg,200,200,knife,22,34,183,160
K786.jpg,200,200,knife,2,65,192,131
K787.jpg,200,200,knife,2,54,197,144
K788.jpg,200,200,knife,1,61,200,141
K789.jpg,200,200,knife,4,53,199,128
K79.jpg,200,200,knife,8,9,154,166
K79.jpg,200,200,knife,58,50,183,195
K790.jpg,200,200,knife,1,63,198,134
K791.jpg,200,200,knife,3,57,198,152
K792.jpg,200,200,knife,2,58,200,131
K793.jpg,200,200,knife,1,58,200,135
K794.jpg,200,200,knife,88,26,192,194
K795.jpg,200,200,knife,9,37,193,96
K796.jpg,200,200,knife,6,34,196,97
K797.jpg,200,200,knife,36,45,193,136
K798.jpg,200,200,knife,6,74,166,200
K799.jpg,200,200,knife,15,83,192,115
K799.jpg,200,200,knife,5,115,188,148
K8.jpg,200,200,knife,10,6,188,193
K80.jpg,200,200,knife,3,2,174,174
K800.jpg,200,200,knife,4,64,155,176
K800.jpg,200,200,knife,37,36,192,144
K801.jpg,200,200,knife,1,6,185,198
K802.jpg,200,200,knife,13,54,177,139
K803.jpg,200,200,knife,16,56,180,136
K804.jpg,200,200,knife,7,1,179,197
K805.jpg,200,200,knife,27,5,152,178
K805.jpg,200,200,knife,58,40,193,196
K806.jpg,200,200,knife,19,9,184,183
K807.jpg,200,200,knife,20,3,185,196
K808.jpg,200,200,knife,22,2,184,196
K809.jpg,200,200,knife,23,3,193,198
K81.jpg,200,200,knife,10,115,183,161
K810.jpg,200,200,knife,21,22,177,195
K811.jpg,200,200,knife,5,85,176,134
K812.jpg,200,200,knife,4,58,197,102
K813.jpg,200,200,knife,28,50,186,83
K814.jpg,200,200,knife,32,53,174,94
K815.jpg,200,200,knife,59,48,200,152
K816.jpg,200,200,knife,5,46,194,130
K817.jpg,200,200,knife,6,79,191,139
K818.jpg,200,200,knife,7,11,187,192
K819.jpg,200,200,knife,15,67,153,188
K82.jpg,200,200,knife,79,1,161,199
K820.jpg,200,200,knife,3,12,192,190
K821.jpg,200,200,knife,5,12,191,196
K822.jpg,200,200,knife,49,1,170,200
K823.jpg,200,200,knife,74,30,127,180
K824.jpg,200,200,knife,76,43,129,170
K825.jpg,200,200,knife,6,21,182,198
K826.jpg,200,200,knife,4,74,130,170
K827.jpg,200,200,knife,1,56,188,153
K828.jpg,200,200,knife,5,45,194,155
K829.jpg,200,200,knife,7,55,170,147
K83.jpg,200,200,knife,6,26,176,199
K830.jpg,200,200,knife,12,51,168,146
K831.jpg,200,200,knife,3,79,199,125
K832.jpg,200,200,knife,5,7,59,107
K832.jpg,200,200,knife,27,6,103,126
K832.jpg,200,200,knife,100,23,189,160
K833.jpg,200,200,knife,12,5,189,178
K834.jpg,200,200,knife,5,3,184,193
K835.jpg,200,200,knife,8,10,195,196
K836.jpg,200,200,knife,2,2,174,195
K837.jpg,200,200,knife,10,13,43,162
K837.jpg,200,200,knife,9,4,153,197
K838.jpg,200,200,knife,11,14,48,167
K838.jpg,200,200,knife,12,7,155,198
K839.jpg,200,200,knife,3,15,188,198
K84.jpg,200,200,knife,1,13,187,195
K840.jpg,200,200,knife,11,88,194,181
K841.jpg,200,200,knife,2,8,183,199
K842.jpg,200,200,knife,3,17,180,198
K843.jpg,200,200,knife,5,10,174,196
K844.jpg,200,200,knife,20,24,190,189
K845.jpg,200,200,knife,1,4,199,199
K846.jpg,200,200,knife,4,8,180,199
K847.jpg,200,200,knife,14,110,183,155
K848.jpg,200,200,knife,10,76,200,116
K849.jpg,200,200,knife,18,64,180,103
K85.jpg,200,200,knife,1,1,188,161
K850.jpg,200,200,knife,1,2,198,198
K851.jpg,200,200,knife,10,25,198,188
K852.jpg,200,200,knife,3,3,199,197
K853.jpg,200,200,knife,2,1,198,197
K854.jpg,200,200,knife,5,12,182,196
K855.jpg,200,200,knife,4,2,189,198
K856.jpg,200,200,knife,18,6,186,194
K857.jpg,200,200,knife,4,10,184,198
K858.jpg,200,200,knife,5,9,174,199
K859.jpg,200,200,knife,4,10,183,197
K86.jpg,200,200,knife,7,18,178,189
K860.jpg,200,200,knife,58,22,187,199
K861.jpg,200,200,knife,3,32,176,198
K862.jpg,200,200,knife,2,27,175,198
K863.jpg,200,200,knife,2,35,164,197
K864.jpg,200,200,knife,3,14,185,198
K865.jpg,200,200,knife,3,25,172,197
K866.jpg,200,200,knife,10,20,173,191
K867.jpg,200,200,knife,87,28,140,196
K868.jpg,200,200,knife,26,14,186,125
K869.jpg,200,200,knife,4,11,187,198
K87.jpg,200,200,knife,10,7,192,184
K870.jpg,200,200,knife,2,27,190,97
K870.jpg,200,200,knife,19,104,199,179
K871.jpg,200,200,knife,6,7,101,78
K871.jpg,200,200,knife,121,20,196,105
K871.jpg,200,200,knife,28,61,156,108
K871.jpg,200,200,knife,1,132,133,193
K872.jpg,200,200,knife,5,51,200,102
K873.jpg,200,200,knife,7,117,195,176
K874.jpg,200,200,knife,16,32,188,82
K875.jpg,200,200,knife,2,79,199,169
K876.jpg,200,200,knife,123,6,181,190
K877.jpg,200,200,knife,43,40,185,70
K877.jpg,200,200,knife,29,75,166,109
K877.jpg,200,200,knife,46,108,190,146
K877.jpg,200,200,knife,30,142,167,176
K878.jpg,200,200,knife,5,10,193,186
K879.jpg,200,200,knife,4,52,178,118
K88.jpg,200,200,knife,12,2,189,198
K880.jpg,200,200,knife,42,7,148,198
K881.jpg,200,200,knife,7,76,182,125
K882.jpg,200,200,knife,4,2,200,145
K883.jpg,200,200,knife,10,15,76,185
K883.jpg,200,200,knife,72,10,119,185
K883.jpg,200,200,knife,121,8,178,182
K884.jpg,200,200,knife,4,74,198,128
K885.jpg,200,200,knife,16,46,172,180
K886.jpg,200,200,knife,1,13,160,89
K886.jpg,200,200,knife,33,122,200,188
K887.jpg,200,200,knife,20,79,187,128
K888.jpg,200,200,knife,25,83,184,123
K889.jpg,200,200,knife,17,37,200,149
K89.jpg,200,200,knife,3,88,195,120
K890.jpg,200,200,knife,94,5,154,183
K891.jpg,200,200,knife,28,6,186,179
K891.jpg,200,200,knife,5,62,164,177
K892.jpg,200,200,knife,6,55,198,152
K893.jpg,200,200,knife,5,54,199,154
K894.jpg,200,200,knife,5,48,189,176
K894.jpg,200,200,knife,69,92,200,187
K895.jpg,200,200,knife,19,9,160,147
K896.jpg,200,200,knife,32,13,150,178
K897.jpg,200,200,knife,14,25,190,156
K898.jpg,200,200,knife,1,16,197,75
K899.jpg,200,200,knife,7,80,198,124
K9.jpg,200,200,knife,9,3,193,200
K90.jpg,200,200,knife,11,13,176,182
K900.jpg,200,200,knife,1,44,195,128
K901.jpg,200,200,knife,1,66,196,200
K902.jpg,200,200,knife,1,44,194,160
K903.jpg,200,200,knife,4,15,87,151
K903.jpg,200,200,knife,97,11,197,136
K903.jpg,200,200,knife,14,134,187,169
K904.jpg,200,200,knife,51,5,85,193
K904.jpg,200,200,knife,82,13,126,195
K904.jpg,200,200,knife,124,49,155,197
K905.jpg,200,200,knife,45,3,78,197
K905.jpg,200,200,knife,82,15,124,194
K905.jpg,200,200,knife,122,52,158,193
K906.jpg,200,200,knife,9,11,193,193
K907.jpg,200,200,knife,7,13,197,185
K908.jpg,200,200,knife,62,18,187,146
K909.jpg,200,200,knife,60,17,191,152
K91.jpg,200,200,knife,6,4,60,168
K91.jpg,200,200,knife,68,10,127,169
K91.jpg,200,200,knife,125,10,183,151
K910.jpg,200,200,knife,10,18,190,170
K911.jpg,200,200,knife,1,2,199,67
K912.jpg,200,200,knife,3,39,198,125
K913.jpg,200,200,knife,11,4,178,177
K914.jpg,200,200,knife,29,82,191,181
K915.jpg,200,200,knife,13,8,183,178
K916.jpg,200,200,knife,3,2,191,185
K917.jpg,200,200,knife,2,30,200,178
K918.jpg,200,200,knife,55,54,200,176
K918.jpg,200,200,knife,118,173,198,200
K918.jpg,200,200,knife,165,51,200,103
K918.jpg,200,200,knife,154,3,200,40
K919.jpg,200,200,knife,3,3,175,175
K92.jpg,200,200,knife,4,25,185,161
K920.jpg,200,200,knife,2,3,173,173
K921.jpg,200,200,knife,3,3,188,192
K922.jpg,200,200,knife,16,17,174,185
K923.jpg,200,200,knife,25,6,172,194
K924.jpg,200,200,knife,85,51,123,176
K926.jpg,200,200,knife,5,5,184,184
K927.jpg,200,200,knife,46,7,145,182
K928.jpg,200,200,knife,1,2,197,85
K929.jpg,200,200,knife,5,49,187,133
K93.jpg,200,200,knife,5,24,180,198
K930.jpg,200,200,knife,47,1,157,195
K931.jpg,200,200,knife,3,52,191,95
K932.jpg,200,200,knife,4,10,191,174
K933.jpg,200,200,knife,12,58,25,113
K933.jpg,200,200,knife,27,52,41,111
K933.jpg,200,200,knife,39,46,57,108
K933.jpg,200,200,knife,58,36,79,114
K933.jpg,200,200,knife,78,26,101,107
K933.jpg,200,200,knife,100,20,123,108
K933.jpg,200,200,knife,121,15,140,107
K933.jpg,200,200,knife,143,28,170,108
K933.jpg,200,200,knife,168,16,190,107
K933.jpg,200,200,knife,42,109,57,180
K933.jpg,200,200,knife,60,110,76,184
K933.jpg,200,200,knife,83,107,98,180
K933.jpg,200,200,knife,98,108,151,182
K934.jpg,200,200,knife,2,11,187,160
K935.jpg,200,200,knife,9,37,185,123
K936.jpg,200,200,knife,5,21,198,175
K937.jpg,200,200,knife,79,18,188,153
K938.jpg,200,200,knife,13,41,167,186
K939.jpg,200,200,knife,10,13,177,195
K94.jpg,200,200,knife,10,27,169,192
K940.jpg,200,200,knife,13,69,165,158
K941.jpg,200,200,knife,72,139,172,187
K941.jpg,200,200,knife,83,109,193,137
K942.jpg,200,200,knife,8,36,196,167
K943.jpg,200,200,knife,4,48,187,148
K944.jpg,200,200,knife,6,37,195,159
K945.jpg,200,200,knife,5,29,184,74
K945.jpg,200,200,knife,8,75,192,132
K945.jpg,200,200,knife,27,136,185,179
K946.jpg,200,200,knife,11,3,190,196
K947.jpg,200,200,knife,52,8,118,196
K948.jpg,200,200,knife,11,14,186,166
K949.jpg,200,200,knife,5,8,179,168
K95.jpg,200,200,knife,14,29,165,196
K950.jpg,200,200,knife,12,10,190,164
K951.jpg,200,200,knife,2,5,200,17
K951.jpg,200,200,knife,1,25,199,47
K951.jpg,200,200,knife,4,129,194,150
K951.jpg,200,200,knife,6,165,200,181
K951.jpg,200,200,knife,6,53,198,94
K951.jpg,200,200,knife,1,93,200,120
K952.jpg,200,200,knife,1,135,200,172
K952.jpg,200,200,knife,2,169,200,197
K952.jpg,200,200,knife,92,31,199,131
K953.jpg,200,200,knife,1,2,197,25
K953.jpg,200,200,knife,1,159,197,196
K953.jpg,200,200,knife,8,110,196,153
K954.jpg,200,200,knife,1,18,199,34
K954.jpg,200,200,knife,3,44,200,74
K954.jpg,200,200,knife,3,116,191,141
K955.jpg,200,200,knife,12,3,164,34
K955.jpg,200,200,knife,12,47,181,77
K955.jpg,200,200,knife,9,84,176,110
K955.jpg,200,200,knife,10,114,187,147
K955.jpg,200,200,knife,9,153,184,185
K956.jpg,200,200,knife,10,9,178,50
K956.jpg,200,200,knife,16,58,182,98
K956.jpg,200,200,knife,5,102,179,129
K956.jpg,200,200,knife,20,148,200,176
K957.jpg,200,200,knife,15,14,151,49
K957.jpg,200,200,knife,14,51,145,82
K957.jpg,200,200,knife,11,85,175,115
K957.jpg,200,200,knife,15,123,199,173
K958.jpg,200,200,knife,12,4,127,37
K958.jpg,200,200,knife,15,38,130,59
K958.jpg,200,200,knife,12,62,134,78
K958.jpg,200,200,knife,17,84,156,101
K958.jpg,200,200,knife,12,108,178,137
K958.jpg,200,200,knife,5,142,185,164
K959.jpg,200,200,knife,14,58,174,165
K96.jpg,200,200,knife,15,11,175,197
K960.jpg,200,200,knife,3,1,137,92
K960.jpg,200,200,knife,100,125,199,194
K961.jpg,200,200,knife,5,89,176,194
K961.jpg,200,200,knife,7,5,149,50
K962.jpg,200,200,knife,22,48,184,161
K963.jpg,200,200,knife,20,30,187,154
K964.jpg,200,200,knife,7,25,199,160
K965.jpg,200,200,knife,22,37,182,155
K966.jpg,200,200,knife,1,133,198,166
K966.jpg,200,200,knife,3,98,195,134
K966.jpg,200,200,knife,8,68,197,97
K966.jpg,200,200,knife,8,35,200,68
K967.jpg,200,200,knife,15,3,199,23
K967.jpg,200,200,knife,15,24,200,53
K967.jpg,200,200,knife,7,54,200,89
K967.jpg,200,200,knife,4,86,200,117
K967.jpg,200,200,knife,13,127,198,150
K967.jpg,200,200,knife,7,161,198,180
K968.jpg,200,200,knife,2,21,185,182
K969.jpg,200,200,knife,4,21,157,197
K97.jpg,200,200,knife,77,4,111,182
K970.jpg,200,200,knife,6,12,192,175
K971.jpg,200,200,knife,10,11,183,173
K972.jpg,200,200,knife,168,27,198,200
K973.jpg,200,200,knife,3,1,69,153
K973.jpg,200,200,knife,46,30,198,195
K974.jpg,200,200,knife,76,8,172,199
K975.jpg,200,200,knife,1,93,200,136
K976.jpg,200,200,knife,19,82,194,117
K977.jpg,200,200,knife,6,7,160,141
K977.jpg,200,200,knife,24,67,182,175
K978.jpg,200,200,knife,10,111,200,188
K979.jpg,200,200,knife,11,6,195,189
K98.jpg,200,200,knife,18,54,188,150
K980.jpg,200,200,knife,1,14,192,192
K981.jpg,200,200,knife,13,65,195,145
K982.jpg,200,200,knife,7,64,196,160
K984.jpg,200,200,knife,14,15,178,190
K985.jpg,200,200,knife,23,27,172,183
K986.jpg,200,200,knife,4,9,199,194
K987.jpg,200,200,knife,19,8,190,165
K988.jpg,200,200,knife,9,45,75,151
K988.jpg,200,200,knife,38,16,140,165
K988.jpg,200,200,knife,113,1,178,179
K988.jpg,200,200,knife,10,126,180,200
K989.jpg,200,200,knife,3,5,187,197
K99.jpg,200,200,knife,39,8,174,174
K990.jpg,200,200,knife,13,11,175,192
K992.jpg,200,200,knife,16,17,181,167
K993.jpg,200,200,knife,78,26,113,197
K994.jpg,200,200,knife,21,21,173,69
K994.jpg,200,200,knife,20,75,179,123
K994.jpg,200,200,knife,16,121,184,175
K995.jpg,200,200,knife,1,1,168,199
K996.jpg,200,200,knife,9,6,195,197
K997.jpg,200,200,knife,7,5,198,188
K998.jpg,200,200,knife,16,38,178,85
K998.jpg,200,200,knife,5,69,193,126
K999.jpg,200,200,knife,15,61,187,120
